BLOCKSIZE,L1_ASSOC,L1_SIZE,L1_miss_rate,L2_ASSOC,L2_SIZE,L2_miss_rate,PREF_M,PREF_N,TRACE,prefetches,sweep,trace
32,8,8,,1,0,,2,0,,,,gcc.trace.txt
16,4,32,,2,256,,1,0,,,,gcc.trace.txt
32,4,8,,8,256,,0,2,,,,gcc.trace.txt
16,8,4096,0.0727,4,131072,0.6478,0,0,,0,,gcc.trace.txt
16,8,64,,1,128,,1,0,,,,gcc.trace.txt
16,2,64,,8,0,,1,1,,,,gcc.trace.txt
32,2,32,,2,512,,1,0,,,,gcc.trace.txt
16,2,8,,1,0,,2,1,,,,gcc.trace.txt
32,1,32,0.6165,2,256,0.4952,0,1,,0,,gcc.trace.txt
16,4,32,,1,128,,2,1,,,,gcc.trace.txt
16,8,64,,4,512,,0,2,,,,gcc.trace.txt
16,1,16,,8,0,,2,0,,,,gcc.trace.txt
32,1,1024,0.1935,0,0,0.0,0,0,/Users/kaylaradu/GitHubRepos/GitNCSU/ECE492-MicroArch/traces/gcc_trace.txt,0,graph1_size_assoc,gcc.trace.txt
32,4,16,,4,128,,2,0,,,,gcc.trace.txt
16,4,8,,8,256,,1,1,,,,gcc.trace.txt
32,1,32,,4,0,,2,1,,,,gcc.trace.txt
32,1,16,,4,0,,2,2,,,,gcc.trace.txt
32,1,32,0.6165,4,512,0.3262,2,2,,0,,gcc.trace.txt
16,8,64,,2,256,,2,1,,,,gcc.trace.txt
16,1,16,0.6836,8,256,0.3769,2,2,,0,,gcc.trace.txt
32,4,8,,4,128,,1,1,,,,gcc.trace.txt
64,8,4096,0.0599,2,524288,0.2424,0,0,,0,,gcc.trace.txt
16,4,8,,1,512,,1,0,,,,gcc.trace.txt
16,8,16,,4,128,,2,2,,,,gcc.trace.txt
16,1,16384,0.0672,4,131072,0.7017,0,0,,0,,gcc.trace.txt
32,4,8,,4,0,,1,0,,,,gcc.trace.txt
16,1,64,0.4967,4,512,0.3986,1,1,,0,,gcc.trace.txt
32,8,32,,2,256,,1,2,,,,gcc.trace.txt
64,2,2048,0.1158,0,0,0.0,0,0,,0,,gcc.trace.txt
16,2,64,0.4721,4,256,0.5566,0,0,,0,,gcc.trace.txt
16,4,8,,4,128,,0,2,,,,gcc.trace.txt
32,2,32,,8,128,,2,0,,,,gcc.trace.txt
16,2,16,,1,0,,1,2,,,,gcc.trace.txt
16,2,32,,1,0,,1,1,,,,gcc.trace.txt
32,1,64,0.5338,4,512,0.3768,1,1,,0,,gcc.trace.txt
16,8,32,,2,256,,1,2,,,,gcc.trace.txt
32,8,8,,8,256,,0,0,,,,gcc.trace.txt
64,4,16384,0.0204,8,524288,0.71,0,0,,0,,gcc.trace.txt
32,2,64,0.5039,4,256,0.5652,0,0,,0,,gcc.trace.txt
16,2,32,0.5666,8,128,0.6102,2,0,,0,,gcc.trace.txt
64,2,32768,0.0183,2,131072,0.7985,0,0,,0,,gcc.trace.txt
32,1,8,,2,0,,1,2,,,,gcc.trace.txt
16,4,64,0.4645,1,128,0.78,1,2,,0,,gcc.trace.txt
32,1,8,,4,128,,0,0,,,,gcc.trace.txt
16,2,8,,1,256,,1,0,,,,gcc.trace.txt
64,2,32768,0.0183,8,262144,0.793,0,0,,0,,gcc.trace.txt
16,4,16,,1,0,,0,0,,,,gcc.trace.txt
16,1,8,,1,512,,0,1,,,,gcc.trace.txt
32,1,8,,1,512,,1,2,,,,gcc.trace.txt
16,4,64,0.4645,4,512,0.4263,0,0,,0,,gcc.trace.txt
32,1,16,,8,256,,2,2,,,,gcc.trace.txt
32,1,2048,0.1477,8,16384,0.1878,0,0,,0,,gcc.trace.txt
16,2,8,,2,128,,2,1,,,,gcc.trace.txt
32,2,8,,4,0,,0,2,,,,gcc.trace.txt
32,8,16,,4,128,,2,2,,,,gcc.trace.txt
16,2,32,0.5666,2,512,0.3743,1,0,,0,,gcc.trace.txt
32,2,8,,8,512,,0,2,,,,gcc.trace.txt
32,8,16384,0.0277,2,262144,0.9319,0,0,,0,,gcc.trace.txt
16,1,32,0.5884,2,256,0.4808,0,1,,0,,gcc.trace.txt
32,4,32,,1,128,,2,1,,,,gcc.trace.txt
16,8,8,,1,512,,1,2,,,,gcc.trace.txt
16,4,16,,4,128,,2,0,,,,gcc.trace.txt
32,8,16384,0.0277,8,131072,0.9308,0,0,,0,,gcc.trace.txt
16,8,64,,2,0,,1,1,,,,gcc.trace.txt
16,1,32,0.5884,4,512,0.3365,2,2,,0,,gcc.trace.txt
16,8,8,,4,128,,0,0,,,,gcc.trace.txt
32,8,8,,1,512,,0,1,,,,gcc.trace.txt
32,4,32,,2,256,,1,0,,,,gcc.trace.txt
16,1,8,,8,256,,0,0,,,,gcc.trace.txt
32,4,16,,2,0,,2,0,,,,gcc.trace.txt
16,2,8,,8,512,,1,1,,,,gcc.trace.txt
16,2,64,0.4721,8,512,0.4116,1,2,,0,,gcc.trace.txt
32,4,16,,4,512,,2,1,,,,gcc.trace.txt
16,1,8,,2,0,,2,2,,,,gcc.trace.txt
32,2,64,,1,0,,0,0,,,,gcc.trace.txt
64,2,16384,0.026,4,131072,0.5585,0,0,,0,,gcc.trace.txt
16,1,16,0.6836,1,128,0.5884,2,2,,0,,gcc.trace.txt
32,4,16,,2,256,,0,2,,,,gcc.trace.txt
32,2,32,,2,128,,1,1,,,,gcc.trace.txt
64,4,32768,0.0156,0,0,0.0,0,0,,0,,gcc.trace.txt
16,4,32,,1,512,,2,0,,,,gcc.trace.txt
16,2,16,,4,256,,2,1,,,,gcc.trace.txt
64,8,1024,0.1473,2,262144,0.0987,0,0,,0,,gcc.trace.txt
16,8,64,,1,512,,1,1,,,,gcc.trace.txt
32,2,32,,1,256,,2,0,,,,gcc.trace.txt
16,2,16,,2,512,,0,2,,,,gcc.trace.txt
64,8,1024,0.1473,8,131072,0.0986,0,0,,0,,gcc.trace.txt
16,8,64,,8,256,,1,0,,,,gcc.trace.txt
32,8,32768,0.0262,4,262144,0.9836,0,0,,0,,gcc.trace.txt
16,4,8,,2,256,,2,0,,,,gcc.trace.txt
16,2,64,0.4721,2,128,0.7765,2,2,,0,,gcc.trace.txt
32,4,8,,1,128,,0,2,,,,gcc.trace.txt
16,1,64,0.4967,4,128,0.7038,1,0,,0,,gcc.trace.txt
16,1,16,,2,0,,1,1,,,,gcc.trace.txt
32,2,32,,8,512,,2,1,,,,gcc.trace.txt
16,1,32,,2,0,,1,2,,,,gcc.trace.txt
16,1,64,0.4967,1,512,0.4942,0,2,,0,,gcc.trace.txt
16,2,64,,2,0,,2,0,,,,gcc.trace.txt
32,4,8,,4,512,,1,0,,,,gcc.trace.txt
32,2,32,,8,0,,0,0,,,,gcc.trace.txt
16,4,8,,1,128,,1,1,,,,gcc.trace.txt
16,2,16,,4,0,,0,1,,,,gcc.trace.txt
16,4,32,,8,256,,2,1,,,,gcc.trace.txt
32,8,32,,1,512,,2,2,,,,gcc.trace.txt
16,8,16,,2,256,,0,0,,,,gcc.trace.txt
16,2,32,,4,0,,0,2,,,,gcc.trace.txt
32,1,64,0.5338,1,512,0.4971,0,2,,0,,gcc.trace.txt
32,4,32,,8,0,,1,2,,,,gcc.trace.txt
16,8,2048,0.0969,4,131072,0.4866,0,0,,0,,gcc.trace.txt
16,2,8,,2,512,,2,0,,,,gcc.trace.txt
32,4,16,,8,0,,1,1,,,,gcc.trace.txt
16,4,64,0.4645,4,128,0.7537,0,1,,0,,gcc.trace.txt
16,8,8,,1,0,,1,0,,,,gcc.trace.txt
16,8,32,,1,512,,2,2,,,,gcc.trace.txt
32,4,32,,8,256,,2,1,,,,gcc.trace.txt
64,8,8192,0.0316,4,131072,0.4593,0,0,,0,,gcc.trace.txt
16,4,32,,4,0,,1,0,,,,gcc.trace.txt
16,1,8,,4,512,,1,2,,,,gcc.trace.txt
32,8,16,,2,256,,0,0,,,,gcc.trace.txt
32,8,32,,2,0,,0,0,,,,gcc.trace.txt
32,1,8,,4,512,,0,1,,,,gcc.trace.txt
16,1,8,,1,128,,0,0,,,,gcc.trace.txt
32,2,8,,4,256,,1,0,,,,gcc.trace.txt
16,8,64,,8,0,,2,0,,,,gcc.trace.txt
32,2,64,0.5039,2,128,0.8165,2,2,,0,,gcc.trace.txt
32,1,8,,2,256,,2,2,,,,gcc.trace.txt
32,1,64,0.5338,4,128,0.7476,1,0,,0,,gcc.trace.txt
32,2,8,,1,0,,1,1,,,,gcc.trace.txt
16,2,32,0.5666,8,512,0.343,2,1,,0,,gcc.trace.txt
16,8,8,,2,256,,2,2,,,,gcc.trace.txt
16,1,32768,0.0591,8,262144,0.7969,0,0,,0,,gcc.trace.txt
16,2,8,,8,128,,1,0,,,,gcc.trace.txt
32,2,16,,4,256,,2,1,,,,gcc.trace.txt
16,4,8,,4,0,,2,0,,,,gcc.trace.txt
16,4,64,0.4645,8,256,0.5548,1,2,,0,,gcc.trace.txt
64,8,2048,0.0996,2,524288,0.1458,0,0,,0,,gcc.trace.txt
16,8,32,,1,0,,2,0,,,,gcc.trace.txt
32,4,1048576,0.0258,0,0,0.0,0,0,/Users/kaylaradu/GitHubRepos/GitNCSU/ECE492-MicroArch/traces/gcc_trace.txt,0,graph1_size_assoc,gcc.trace.txt
16,8,8,,4,512,,0,1,,,,gcc.trace.txt
16,2,32,0.5666,1,256,0.5278,2,0,,0,,gcc.trace.txt
16,8,8192,0.0587,2,524288,0.8028,0,0,,0,,gcc.trace.txt
32,8,8,,1,128,,0,0,,,,gcc.trace.txt
32,2,16,,2,512,,0,2,,,,gcc.trace.txt
16,1,32768,0.0591,2,131072,0.7979,0,0,,0,,gcc.trace.txt
16,4,16,,4,512,,2,1,,,,gcc.trace.txt
32,8,8,,4,512,,1,2,,,,gcc.trace.txt
32,1,16,,1,128,,2,2,,,,gcc.trace.txt
16,2,32,0.5666,2,128,0.6525,1,1,,0,,gcc.trace.txt
16,4,16,,2,256,,0,2,,,,gcc.trace.txt
32,4,32,,1,512,,2,0,,,,gcc.trace.txt
16,4,16,,2,256,,1,2,,,,gcc.trace.txt
16,2,32,0.5666,2,128,0.6525,0,1,,0,,gcc.trace.txt
32,1,524288,0.0258,0,0,0.0,0,0,/Users/kaylaradu/GitHubRepos/GitNCSU/ECE492-MicroArch/traces/gcc_trace.txt,0,graph1_size_assoc,gcc.trace.txt
32,8,8,,2,256,,2,1,,,,gcc.trace.txt
32,8,8,,4,512,,0,2,,,,gcc.trace.txt
16,8,8,,4,512,,1,1,,,,gcc.trace.txt
16,2,16384,0.0525,2,131072,0.8987,0,0,,0,,gcc.trace.txt
32,8,8,,1,128,,1,0,,,,gcc.trace.txt
32,2,16,,2,512,,1,2,,,,gcc.trace.txt
16,4,32768,0.0475,8,524288,0.9914,0,0,,0,,gcc.trace.txt
32,8,8192,0.0395,8,262144,0.653,0,0,,0,,gcc.trace.txt
16,1,32,0.5884,1,512,0.4171,2,1,,0,,gcc.trace.txt
32,1,16,,4,512,,2,0,,,,gcc.trace.txt
32,8,8192,0.0395,2,131072,0.6555,0,0,,0,,gcc.trace.txt
16,4,64,0.4645,8,256,0.5548,0,2,,0,,gcc.trace.txt
16,2,16384,0.0525,8,262144,0.8972,0,0,,0,,gcc.trace.txt
32,4,32,,4,128,,2,2,,,,gcc.trace.txt
16,2,8,,8,128,,0,0,,,,gcc.trace.txt
32,2,262144,0.0258,0,0,0.0,0,0,/Users/kaylaradu/GitHubRepos/GitNCSU/ECE492-MicroArch/traces/gcc_trace.txt,0,graph1_size_assoc,gcc.trace.txt
16,2,16384,0.0525,0,0,0.0,0,0,,0,,gcc.trace.txt
32,2,8,,1,0,,0,1,,,,gcc.trace.txt
32,1,64,0.5338,4,128,0.7476,0,0,,0,,gcc.trace.txt
16,1,32,0.5884,8,256,0.438,2,0,,0,,gcc.trace.txt
32,8,16,,1,128,,2,1,,,,gcc.trace.txt
32,1,8,,4,512,,1,1,,,,gcc.trace.txt
32,8,32,,2,0,,1,0,,,,gcc.trace.txt
16,8,32,,4,128,,2,0,,,,gcc.trace.txt
32,2,8,,4,256,,0,0,,,,gcc.trace.txt
16,1,8,,1,128,,1,0,,,,gcc.trace.txt
16,4,32,,4,0,,0,0,,,,gcc.trace.txt
32,8,2048,0.0907,4,524288,0.2847,0,0,,0,,gcc.trace.txt
32,2,16,,8,128,,2,2,,,,gcc.trace.txt
16,8,8,,1,0,,0,0,,,,gcc.trace.txt
16,4,64,0.4645,4,128,0.7537,1,1,,0,,gcc.trace.txt
32,8,16,,2,256,,1,0,,,,gcc.trace.txt
16,1,8,,4,512,,0,2,,,,gcc.trace.txt
32,4,32,,8,0,,0,2,,,,gcc.trace.txt
32,1,64,0.5338,1,512,0.4971,1,2,,0,,gcc.trace.txt
16,4,64,,2,0,,2,2,,,,gcc.trace.txt
32,4,16,,8,0,,0,1,,,,gcc.trace.txt
16,1,8,,2,256,,2,1,,,,gcc.trace.txt
32,8,1024,0.1363,4,262144,0.1895,0,0,,0,,gcc.trace.txt
16,2,16,,8,128,,2,2,,,,gcc.trace.txt
16,2,16,,4,0,,1,1,,,,gcc.trace.txt
16,2,32,,4,0,,1,2,,,,gcc.trace.txt
16,8,16,,2,256,,1,0,,,,gcc.trace.txt
32,4,8,,4,512,,0,0,,,,gcc.trace.txt
16,1,64,0.4967,1,512,0.4942,1,2,,0,,gcc.trace.txt
16,4,8,,1,128,,0,1,,,,gcc.trace.txt
32,2,32,,8,0,,1,0,,,,gcc.trace.txt
16,1,16,,2,0,,0,1,,,,gcc.trace.txt
32,1,64,,8,0,,2,2,,,,gcc.trace.txt
16,1,64,0.4967,4,128,0.7038,0,0,,0,,gcc.trace.txt
32,4,8,,1,128,,1,2,,,,gcc.trace.txt
32,1,32,0.6165,8,256,0.4533,2,0,,0,,gcc.trace.txt
16,1,32,,2,0,,0,2,,,,gcc.trace.txt
16,8,16,,1,128,,2,1,,,,gcc.trace.txt
16,8,64,,8,256,,0,0,,,,gcc.trace.txt
32,8,32,,4,128,,2,0,,,,gcc.trace.txt
16,1,64,,4,0,,2,0,,,,gcc.trace.txt
32,1,32,,1,0,,2,2,,,,gcc.trace.txt
32,1,16,,1,0,,2,1,,,,gcc.trace.txt
16,2,16,,2,512,,1,2,,,,gcc.trace.txt
32,1,32,0.6165,1,512,0.4304,2,1,,0,,gcc.trace.txt
16,2,8,,4,0,,2,2,,,,gcc.trace.txt
16,1,16,0.6836,4,512,0.2896,2,0,,0,,gcc.trace.txt
32,2,2048,0.1071,8,16384,0.2585,0,0,/Users/kaylaradu/GitHubRepos/GitNCSU/ECE492-MicroArch/traces/gcc_trace.txt,0,graph3_l2,gcc.trace.txt
16,8,64,,1,512,,0,1,,,,gcc.trace.txt
16,4,32,,4,128,,2,2,,,,gcc.trace.txt
32,2,32,,2,128,,0,1,,,,gcc.trace.txt
32,4,16,,2,256,,1,2,,,,gcc.trace.txt
32,4,4096,0.0599,8,32768,0.4381,0,0,/Users/kaylaradu/GitHubRepos/GitNCSU/ECE492-MicroArch/traces/gcc_trace.txt,0,graph5_l2size,gcc.trace.txt
16,2,64,0.4721,8,512,0.4116,0,2,,0,,gcc.trace.txt
64,1,32768,0.0298,4,131072,0.4877,0,0,,0,,gcc.trace.txt
32,2,64,,1,0,,1,0,,,,gcc.trace.txt
32,1,16,,4,128,,2,1,,,,gcc.trace.txt
16,1,8,,8,256,,1,0,,,,gcc.trace.txt
16,2,8,,8,512,,0,1,,,,gcc.trace.txt
16,4,16,,1,512,,2,2,,,,gcc.trace.txt
16,8,8,,4,128,,1,0,,,,gcc.trace.txt
32,8,16,,8,256,,2,1,,,,gcc.trace.txt
16,1,32,0.5884,1,128,0.6837,2,0,,0,,gcc.trace.txt
32,4,32,,2,256,,0,0,,,,gcc.trace.txt
32,8,8,,1,512,,1,1,,,,gcc.trace.txt
32,8,16,,8,0,,2,2,,,,gcc.trace.txt
16,8,64,,2,0,,0,1,,,,gcc.trace.txt
16,8,8,,1,512,,0,2,,,,gcc.trace.txt
32,8,32,,8,0,,2,1,,,,gcc.trace.txt
32,2,8192,0.0473,0,0,0.0,0,0,/Users/kaylaradu/GitHubRepos/GitNCSU/ECE492-MicroArch/traces/gcc_trace.txt,0,graph1_size_assoc,gcc.trace.txt
16,8,16,,4,0,,2,0,,,,gcc.trace.txt
16,2,32,0.5666,2,512,0.3743,0,0,,0,,gcc.trace.txt
32,2,8,,8,512,,1,2,,,,gcc.trace.txt
32,2,16,,1,256,,2,2,,,,gcc.trace.txt
16,1,32,0.5884,2,256,0.4808,1,1,,0,,gcc.trace.txt
32,2,8,,4,0,,1,2,,,,gcc.trace.txt
16,4,64,0.4645,4,512,0.4263,1,0,,0,,gcc.trace.txt
32,1,4096,0.1002,0,0,0.0,0,0,/Users/kaylaradu/GitHubRepos/GitNCSU/ECE492-MicroArch/traces/gcc_trace.txt,0,graph1_size_assoc,gcc.trace.txt
32,1,8,,1,512,,0,2,,,,gcc.trace.txt
16,8,32,,4,512,,2,1,,,,gcc.trace.txt
16,2,8,,1,256,,0,0,,,,gcc.trace.txt
32,1,8,,4,128,,1,0,,,,gcc.trace.txt
16,4,64,0.4645,1,128,0.78,0,2,,0,,gcc.trace.txt
32,1,64,0.5338,2,256,0.5719,2,2,,0,,gcc.trace.txt
32,1,8,,2,0,,0,2,,,,gcc.trace.txt
16,1,8,,1,512,,1,1,,,,gcc.trace.txt
64,2,4096,0.0784,0,0,0.0,0,0,,0,,gcc.trace.txt
16,4,16,,1,0,,1,0,,,,gcc.trace.txt
64,1,16384,0.0393,8,262144,0.3694,0,0,,0,,gcc.trace.txt
16,8,32,,2,256,,0,2,,,,gcc.trace.txt
32,8,8,,8,256,,1,0,,,,gcc.trace.txt
32,1,64,0.5338,4,512,0.3768,0,1,,0,,gcc.trace.txt
64,1,16384,0.0393,2,131072,0.3714,0,0,,0,,gcc.trace.txt
32,2,8,,2,128,,2,2,,,,gcc.trace.txt
32,8,16,,1,512,,2,0,,,,gcc.trace.txt
32,2,64,0.5039,4,256,0.5652,1,0,,0,,gcc.trace.txt
32,8,32,,4,512,,2,1,,,,gcc.trace.txt
16,4,16384,0.0482,0,0,0.0,0,0,/Users/kaylaradu/GitHubRepos/GitNCSU/ECE492-MicroArch/traces/gcc_trace.txt,0,graph4_blocksize,gcc.trace.txt
16,2,16,,1,0,,0,2,,,,gcc.trace.txt
32,2,1024,0.156,8,16384,0.1775,0,0,/Users/kaylaradu/GitHubRepos/GitNCSU/ECE492-MicroArch/traces/gcc_trace.txt,0,graph3_l2,gcc.trace.txt
16,1,64,0.4967,2,256,0.5695,2,2,,0,,gcc.trace.txt
16,2,32,,1,0,,0,1,,,,gcc.trace.txt
32,8,32,,2,256,,0,2,,,,gcc.trace.txt
16,1,64,0.4967,4,512,0.3986,0,1,,0,,gcc.trace.txt
16,8,16,,1,512,,2,0,,,,gcc.trace.txt
16,4,8,,4,128,,1,2,,,,gcc.trace.txt
16,2,64,0.4721,4,256,0.5566,1,0,,0,,gcc.trace.txt
32,4,8,,4,128,,0,1,,,,gcc.trace.txt
32,4,8,,4,0,,0,0,,,,gcc.trace.txt
16,2,32768,0.0495,4,131072,0.9515,0,0,,0,,gcc.trace.txt
16,4,8,,1,512,,0,0,,,,gcc.trace.txt
16,4,8,,8,256,,0,1,,,,gcc.trace.txt
32,2,32,,2,512,,0,0,,,,gcc.trace.txt
16,8,64,,4,512,,1,2,,,,gcc.trace.txt
16,2,16,,1,256,,2,2,,,,gcc.trace.txt
32,1,32,0.6165,2,256,0.4952,1,1,,0,,gcc.trace.txt
16,1,16,0.6836,4,128,0.5117,2,1,,0,,gcc.trace.txt
32,2,32,,2,0,,2,1,,,,gcc.trace.txt
16,2,64,,8,0,,0,1,,,,gcc.trace.txt
32,2,16,,2,0,,2,2,,,,gcc.trace.txt
16,8,64,,1,128,,0,0,,,,gcc.trace.txt
16,8,16,,8,256,,2,1,,,,gcc.trace.txt
32,4,16,,1,512,,2,2,,,,gcc.trace.txt
32,8,4096,0.0537,4,524288,0.4813,0,0,,0,,gcc.trace.txt
32,1,32,0.6165,1,128,0.7027,2,0,,0,,gcc.trace.txt
16,4,32,,2,256,,0,0,,,,gcc.trace.txt
32,4,8,,8,256,,1,2,,,,gcc.trace.txt
16,8,64,,1,128,,2,0,,,,gcc.trace.txt
32,2,16,,2,0,,0,2,,,,gcc.trace.txt
16,2,64,,8,0,,2,1,,,,gcc.trace.txt
32,2,32,,2,0,,0,1,,,,gcc.trace.txt
16,1,16,0.6836,4,128,0.5117,0,1,,0,,gcc.trace.txt
16,8,1024,0.1401,4,262144,0.3365,0,0,,0,,gcc.trace.txt
16,4,32,,2,256,,2,0,,,,gcc.trace.txt
32,1,32,0.6165,1,128,0.7027,0,0,,0,,gcc.trace.txt
16,8,16,,8,256,,0,1,,,,gcc.trace.txt
32,4,16,,1,512,,0,2,,,,gcc.trace.txt
32,8,8,,1,0,,1,0,,,,gcc.trace.txt
32,1,16,,4,0,,1,2,,,,gcc.trace.txt
32,1,32,0.6165,4,512,0.3262,1,2,,0,,gcc.trace.txt
16,8,64,,2,256,,1,1,,,,gcc.trace.txt
16,4,8,,8,256,,2,1,,,,gcc.trace.txt
32,4,16,,4,128,,1,0,,,,gcc.trace.txt
32,1,32,,4,0,,1,1,,,,gcc.trace.txt
16,4,32,,1,128,,1,1,,,,gcc.trace.txt
16,2,16,,1,256,,0,2,,,,gcc.trace.txt
16,1,16,,8,0,,1,0,,,,gcc.trace.txt
16,2,8,,1,0,,1,1,,,,gcc.trace.txt
32,2,32,,2,512,,2,0,,,,gcc.trace.txt
16,8,16,,4,128,,1,2,,,,gcc.trace.txt
16,4,8,,1,512,,2,0,,,,gcc.trace.txt
32,4,8,,4,0,,2,0,,,,gcc.trace.txt
32,4,8,,4,128,,2,1,,,,gcc.trace.txt
16,1,16,0.6836,8,256,0.3769,1,2,,0,,gcc.trace.txt
64,8,1024,0.1473,8,524288,0.0986,0,0,,0,,gcc.trace.txt
64,2,16384,0.026,4,524288,0.5585,0,0,,0,,gcc.trace.txt
16,2,32,,1,0,,2,1,,,,gcc.trace.txt
16,1,64,0.4967,2,256,0.5695,0,2,,0,,gcc.trace.txt
16,2,16,,1,0,,2,2,,,,gcc.trace.txt
32,8,32,,4,512,,0,1,,,,gcc.trace.txt
64,4,32768,0.0156,4,262144,0.932,0,0,,0,,gcc.trace.txt
16,8,16,,1,512,,0,0,,,,gcc.trace.txt
32,2,32,,8,128,,1,0,,,,gcc.trace.txt
16,1,64,0.4967,4,512,0.3986,2,1,,0,,gcc.trace.txt
32,8,32,,2,256,,2,2,,,,gcc.trace.txt
32,1,64,0.5338,2,256,0.5719,0,2,,0,,gcc.trace.txt
32,1,8,,2,0,,2,2,,,,gcc.trace.txt
16,4,64,0.4645,1,128,0.78,2,2,,0,,gcc.trace.txt
16,2,8,,1,256,,2,0,,,,gcc.trace.txt
16,8,32,,4,512,,0,1,,,,gcc.trace.txt
32,8,16,,1,512,,0,0,,,,gcc.trace.txt
16,2,32,0.5666,8,128,0.6102,1,0,,0,,gcc.trace.txt
32,2,8,,2,128,,0,2,,,,gcc.trace.txt
32,1,64,0.5338,4,512,0.3768,2,1,,0,,gcc.trace.txt
16,8,32,,2,256,,2,2,,,,gcc.trace.txt
64,8,2048,0.0996,2,131072,0.1466,0,0,,0,,gcc.trace.txt
16,8,8192,0.0587,8,262144,0.8028,0,0,,0,,gcc.trace.txt
32,8,16,,4,128,,1,2,,,,gcc.trace.txt
16,2,8,,2,128,,1,1,,,,gcc.trace.txt
32,1,16,,8,256,,1,2,,,,gcc.trace.txt
16,1,32768,0.0591,2,524288,0.7969,0,0,,0,,gcc.trace.txt
16,8,8192,0.0587,2,131072,0.8041,0,0,,0,,gcc.trace.txt
64,8,2048,0.0996,8,262144,0.1458,0,0,,0,,gcc.trace.txt
32,1,8,,1,512,,2,2,,,,gcc.trace.txt
32,8,32,,8,0,,0,1,,,,gcc.trace.txt
16,1,32,0.5884,4,512,0.3365,1,2,,0,,gcc.trace.txt
16,4,16,,4,128,,1,0,,,,gcc.trace.txt
16,8,8,,1,512,,2,2,,,,gcc.trace.txt
16,8,64,,2,0,,2,1,,,,gcc.trace.txt
32,8,16,,8,0,,0,2,,,,gcc.trace.txt
32,2,16,,1,256,,0,2,,,,gcc.trace.txt
32,4,32,,1,128,,1,1,,,,gcc.trace.txt
16,2,32,0.5666,2,512,0.3743,2,0,,0,,gcc.trace.txt
16,8,16,,4,0,,0,0,,,,gcc.trace.txt
16,2,8,,8,512,,2,1,,,,gcc.trace.txt
32,4,16,,2,0,,1,0,,,,gcc.trace.txt
16,8,2048,0.0969,4,524288,0.4866,0,0,,0,,gcc.trace.txt
32,1,16,,4,128,,0,1,,,,gcc.trace.txt
32,4,32,,2,256,,2,0,,,,gcc.trace.txt
16,1,32,0.5884,1,128,0.6837,0,0,,0,,gcc.trace.txt
64,8,8192,0.0316,4,524288,0.4593,0,0,,0,,gcc.trace.txt
16,4,16,,1,512,,0,2,,,,gcc.trace.txt
32,8,16,,8,256,,0,1,,,,gcc.trace.txt
16,4,32,,1,512,,1,0,,,,gcc.trace.txt
64,4,8192,0.0386,0,0,0.0,0,0,,0,,gcc.trace.txt
16,1,16,0.6836,1,128,0.5884,1,2,,0,,gcc.trace.txt
32,2,32,,2,128,,2,1,,,,gcc.trace.txt
16,2,64,0.4721,8,512,0.4116,2,2,,0,,gcc.trace.txt
32,4,16,,4,512,,1,1,,,,gcc.trace.txt
16,1,8,,2,0,,1,2,,,,gcc.trace.txt
32,1,32,0.6165,1,512,0.4304,0,1,,0,,gcc.trace.txt
64,8,4096,0.0599,8,262144,0.2424,0,0,,0,,gcc.trace.txt
32,1,16,,1,0,,0,1,,,,gcc.trace.txt
32,2,32,,1,256,,1,0,,,,gcc.trace.txt
32,1,32,,1,0,,0,2,,,,gcc.trace.txt
16,1,16384,0.0672,4,524288,0.7017,0,0,,0,,gcc.trace.txt
16,2,16,,4,256,,1,1,,,,gcc.trace.txt
16,4,32,,4,128,,0,2,,,,gcc.trace.txt
64,8,4096,0.0599,2,131072,0.2437,0,0,,0,,gcc.trace.txt
16,8,64,,1,512,,2,1,,,,gcc.trace.txt
16,1,16,0.6836,4,512,0.2896,0,0,,0,,gcc.trace.txt
16,2,8,,4,0,,0,2,,,,gcc.trace.txt
16,1,32,,2,0,,2,2,,,,gcc.trace.txt
16,8,16,,1,128,,0,1,,,,gcc.trace.txt
32,2,32,,8,512,,1,1,,,,gcc.trace.txt
32,8,131072,0.0258,0,0,0.0,0,0,/Users/kaylaradu/GitHubRepos/GitNCSU/ECE492-MicroArch/traces/gcc_trace.txt,0,graph1_size_assoc,gcc.trace.txt
32,1,32,0.6165,8,256,0.4533,0,0,,0,,gcc.trace.txt
16,1,64,0.4967,4,128,0.7038,2,0,,0,,gcc.trace.txt
32,1,64,,8,0,,0,2,,,,gcc.trace.txt
16,1,16,,2,0,,2,1,,,,gcc.trace.txt
16,4,8,,2,256,,1,0,,,,gcc.trace.txt
16,2,64,0.4721,2,128,0.7765,1,2,,0,,gcc.trace.txt
16,1,64,,4,0,,0,0,,,,gcc.trace.txt
32,8,32,,4,128,,0,0,,,,gcc.trace.txt
16,8,64,,8,256,,2,0,,,,gcc.trace.txt
16,2,16,,8,128,,0,2,,,,gcc.trace.txt
32,8,32,,1,512,,1,2,,,,gcc.trace.txt
16,4,32,,8,256,,1,1,,,,gcc.trace.txt
16,4,8,,1,128,,2,1,,,,gcc.trace.txt
16,8,4096,0.0727,4,524288,0.6478,0,0,,0,,gcc.trace.txt
16,2,64,,2,0,,1,0,,,,gcc.trace.txt
32,4,8,,4,512,,2,0,,,,gcc.trace.txt
16,1,8,,4,512,,2,2,,,,gcc.trace.txt
16,8,8,,1,0,,2,0,,,,gcc.trace.txt
32,4,32,,8,256,,1,1,,,,gcc.trace.txt
32,2,16,,8,128,,0,2,,,,gcc.trace.txt
16,8,32,,1,512,,1,2,,,,gcc.trace.txt
16,4,32,,4,0,,2,0,,,,gcc.trace.txt
32,4,16,,8,0,,2,1,,,,gcc.trace.txt
16,1,8,,2,256,,0,1,,,,gcc.trace.txt
16,4,64,,2,0,,0,2,,,,gcc.trace.txt
32,4,32,,8,0,,2,2,,,,gcc.trace.txt
16,2,8,,2,512,,1,0,,,,gcc.trace.txt
32,8,16,,1,128,,0,1,,,,gcc.trace.txt
16,2,32,0.5666,8,512,0.343,1,1,,0,,gcc.trace.txt
16,1,32,0.5884,8,256,0.438,0,0,,0,,gcc.trace.txt
32,1,8,,2,256,,1,2,,,,gcc.trace.txt
32,1,64,0.5338,4,128,0.7476,2,0,,0,,gcc.trace.txt
32,2,8,,1,0,,2,1,,,,gcc.trace.txt
32,2,8,,4,256,,2,0,,,,gcc.trace.txt
16,8,64,,8,0,,1,0,,,,gcc.trace.txt
32,2,64,0.5039,2,128,0.8165,1,2,,0,,gcc.trace.txt
16,8,32,,4,128,,0,0,,,,gcc.trace.txt
32,8,16384,0.0277,8,524288,0.9308,0,0,,0,,gcc.trace.txt
16,1,32,0.5884,1,512,0.4171,0,1,,0,,gcc.trace.txt
16,2,32,0.5666,1,256,0.5278,1,0,,0,,gcc.trace.txt
32,4,32768,0.0264,0,0,0.0,0,0,/Users/kaylaradu/GitHubRepos/GitNCSU/ECE492-MicroArch/traces/gcc_trace.txt,0,graph4_blocksize,gcc.trace.txt
32,4,32,,4,128,,0,2,,,,gcc.trace.txt
32,2,16,,4,256,,1,1,,,,gcc.trace.txt
16,2,8,,8,128,,2,0,,,,gcc.trace.txt
16,4,8,,4,0,,1,0,,,,gcc.trace.txt
16,4,64,0.4645,8,256,0.5548,2,2,,0,,gcc.trace.txt
16,8,32,,1,0,,1,0,,,,gcc.trace.txt
32,1,16,,4,512,,0,0,,,,gcc.trace.txt
16,8,8,,2,256,,1,2,,,,gcc.trace.txt
64,2,32768,0.0183,2,524288,0.793,0,0,,0,,gcc.trace.txt
32,4,32,,1,512,,1,0,,,,gcc.trace.txt
32,8,8,,2,256,,0,1,,,,gcc.trace.txt
64,4,16384,0.0204,8,131072,0.71,0,0,,0,,gcc.trace.txt
32,1,16,,1,128,,1,2,,,,gcc.trace.txt
16,2,32,0.5666,2,128,0.6525,2,1,,0,,gcc.trace.txt
64,4,16384,0.0204,2,262144,0.711,0,0,,0,,gcc.trace.txt
32,8,8,,4,512,,2,2,,,,gcc.trace.txt
16,4,16,,4,512,,1,1,,,,gcc.trace.txt
16,4,16,,4,512,,0,1,,,,gcc.trace.txt
32,8,8,,2,256,,1,1,,,,gcc.trace.txt
32,4,32,,1,512,,0,0,,,,gcc.trace.txt
64,1,16384,0.0393,2,524288,0.3694,0,0,,0,,gcc.trace.txt
16,4,16,,2,256,,2,2,,,,gcc.trace.txt
32,1,16,,1,128,,0,2,,,,gcc.trace.txt
16,8,32,,1,0,,0,0,,,,gcc.trace.txt
16,4,8,,4,0,,0,0,,,,gcc.trace.txt
32,2,16,,4,256,,0,1,,,,gcc.trace.txt
32,4,32,,4,128,,1,2,,,,gcc.trace.txt
16,8,8,,2,256,,0,2,,,,gcc.trace.txt
32,1,16,,4,512,,1,0,,,,gcc.trace.txt
32,2,16,,2,512,,2,2,,,,gcc.trace.txt
32,8,8,,1,128,,2,0,,,,gcc.trace.txt
16,1,32,0.5884,1,512,0.4171,1,1,,0,,gcc.trace.txt
16,2,32,0.5666,1,256,0.5278,0,0,,0,,gcc.trace.txt
16,8,8,,4,512,,2,1,,,,gcc.trace.txt
32,2,64,0.5039,2,128,0.8165,0,2,,0,,gcc.trace.txt
16,8,64,,8,0,,0,0,,,,gcc.trace.txt
16,1,8,,1,128,,2,0,,,,gcc.trace.txt
32,1,8,,4,512,,2,1,,,,gcc.trace.txt
32,8,32,,2,0,,2,0,,,,gcc.trace.txt
16,8,32,,4,128,,1,0,,,,gcc.trace.txt
16,2,32,0.5666,8,512,0.343,0,1,,0,,gcc.trace.txt
32,8,16,,1,128,,1,1,,,,gcc.trace.txt
16,1,32,0.5884,8,256,0.438,1,0,,0,,gcc.trace.txt
32,1,8,,2,256,,0,2,,,,gcc.trace.txt
16,4,64,,2,0,,1,2,,,,gcc.trace.txt
16,1,8,,2,256,,1,1,,,,gcc.trace.txt
32,8,1024,0.1363,8,16384,0.2036,0,0,/Users/kaylaradu/GitHubRepos/GitNCSU/ECE492-MicroArch/traces/gcc_trace.txt,0,graph3_l2,gcc.trace.txt
16,2,8,,2,512,,0,0,,,,gcc.trace.txt
32,1,64,0.5338,1,512,0.4971,2,2,,0,,gcc.trace.txt
32,8,16,,2,256,,2,0,,,,gcc.trace.txt
16,8,32,,1,512,,0,2,,,,gcc.trace.txt
32,2,16,,8,128,,1,2,,,,gcc.trace.txt
32,4,32,,8,256,,0,1,,,,gcc.trace.txt
16,4,64,0.4645,4,128,0.7537,2,1,,0,,gcc.trace.txt
32,2,32,,8,0,,2,0,,,,gcc.trace.txt
16,2,64,,2,0,,0,0,,,,gcc.trace.txt
16,1,64,0.4967,1,512,0.4942,2,2,,0,,gcc.trace.txt
16,2,32,,4,0,,2,2,,,,gcc.trace.txt
16,8,16,,2,256,,2,0,,,,gcc.trace.txt
32,8,4096,0.0537,4,131072,0.4813,0,0,,0,,gcc.trace.txt
16,4,32,,8,256,,0,1,,,,gcc.trace.txt
32,8,32,,1,512,,0,2,,,,gcc.trace.txt
16,2,16,,8,128,,1,2,,,,gcc.trace.txt
16,2,16,,4,0,,2,1,,,,gcc.trace.txt
16,2,64,0.4721,2,128,0.7765,0,2,,0,,gcc.trace.txt
16,4,8,,2,256,,0,0,,,,gcc.trace.txt
32,8,32,,4,128,,1,0,,,,gcc.trace.txt
16,1,64,,4,0,,1,0,,,,gcc.trace.txt
32,2,32,,8,512,,0,1,,,,gcc.trace.txt
16,8,16,,1,128,,1,1,,,,gcc.trace.txt
32,1,64,,8,0,,1,2,,,,gcc.trace.txt
32,4,8,,1,128,,2,2,,,,gcc.trace.txt
32,1,32,0.6165,8,256,0.4533,1,0,,0,,gcc.trace.txt
16,2,32768,0.0495,4,524288,0.9515,0,0,,0,,gcc.trace.txt
16,4,32,,4,128,,1,2,,,,gcc.trace.txt
16,2,16,,4,256,,0,1,,,,gcc.trace.txt
16,2,8,,4,0,,1,2,,,,gcc.trace.txt
16,1,16,0.6836,4,512,0.2896,1,0,,0,,gcc.trace.txt
32,1,16,,1,0,,1,1,,,,gcc.trace.txt
16,2,16,,2,512,,2,2,,,,gcc.trace.txt
16,4,16384,0.0482,4,262144,0.9772,0,0,,0,,gcc.trace.txt
32,1,32,0.6165,1,512,0.4304,1,1,,0,,gcc.trace.txt
32,1,32,,1,0,,1,2,,,,gcc.trace.txt
32,4,65536,0.026,0,0,0.0,0,0,/Users/kaylaradu/GitHubRepos/GitNCSU/ECE492-MicroArch/traces/gcc_trace.txt,0,graph1_size_assoc,gcc.trace.txt
32,2,32,,1,256,,0,0,,,,gcc.trace.txt
32,2,64,,1,0,,2,0,,,,gcc.trace.txt
16,1,8,,2,0,,0,2,,,,gcc.trace.txt
32,4,16,,4,512,,0,1,,,,gcc.trace.txt
16,4,32,,1,512,,0,0,,,,gcc.trace.txt
32,4,16,,2,256,,2,2,,,,gcc.trace.txt
16,1,16,0.6836,1,128,0.5884,0,2,,0,,gcc.trace.txt
16,1,32,0.5884,1,128,0.6837,1,0,,0,,gcc.trace.txt
32,8,8,,1,512,,2,1,,,,gcc.trace.txt
32,8,16,,8,256,,1,1,,,,gcc.trace.txt
16,8,8,,4,128,,2,0,,,,gcc.trace.txt
16,4,16,,1,512,,1,2,,,,gcc.trace.txt
32,8,2048,0.0907,4,131072,0.2847,0,0,,0,,gcc.trace.txt
16,1,8,,8,256,,2,0,,,,gcc.trace.txt
32,1,16,,4,128,,1,1,,,,gcc.trace.txt
32,4,16,,2,0,,0,0,,,,gcc.trace.txt
32,4,32,,1,128,,0,1,,,,gcc.trace.txt
32,2,16,,1,256,,1,2,,,,gcc.trace.txt
16,1,32,0.5884,2,256,0.4808,2,1,,0,,gcc.trace.txt
16,8,16,,4,0,,1,0,,,,gcc.trace.txt
32,2,8,,8,512,,2,2,,,,gcc.trace.txt
16,1,32,0.5884,4,512,0.3365,0,2,,0,,gcc.trace.txt
32,8,32,,8,0,,1,1,,,,gcc.trace.txt
32,8,2048,0.0907,8,16384,0.3053,0,0,/Users/kaylaradu/GitHubRepos/GitNCSU/ECE492-MicroArch/traces/gcc_trace.txt,0,graph3_l2,gcc.trace.txt
32,8,16,,8,0,,1,2,,,,gcc.trace.txt
16,4,16,,4,128,,0,0,,,,gcc.trace.txt
16,4,32768,0.0475,8,131072,0.9914,0,0,,0,,gcc.trace.txt
16,2,16384,0.0525,2,524288,0.8972,0,0,,0,,gcc.trace.txt
32,1,16,,8,256,,0,2,,,,gcc.trace.txt
16,4,64,0.4645,4,512,0.4263,2,0,,0,,gcc.trace.txt
32,8,16,,4,128,,0,2,,,,gcc.trace.txt
16,4,32768,0.0475,2,262144,0.992,0,0,,0,,gcc.trace.txt
32,8,8192,0.0395,2,524288,0.653,0,0,,0,,gcc.trace.txt
32,2,8,,4,0,,2,2,,,,gcc.trace.txt
64,4,1024,0.1584,0,0,0.0,0,0,,0,,gcc.trace.txt
16,2,8,,2,128,,0,1,,,,gcc.trace.txt
16,2,32,0.5666,8,128,0.6102,0,0,,0,,gcc.trace.txt
32,8,16,,1,512,,1,0,,,,gcc.trace.txt
32,2,8,,2,128,,1,2,,,,gcc.trace.txt
32,2,64,0.5039,4,256,0.5652,2,0,,0,,gcc.trace.txt
32,8,8,,8,256,,2,0,,,,gcc.trace.txt
16,1,8,,1,512,,2,1,,,,gcc.trace.txt
16,4,16,,1,0,,2,0,,,,gcc.trace.txt
16,8,32,,4,512,,1,1,,,,gcc.trace.txt
32,1,8,,4,128,,2,0,,,,gcc.trace.txt
32,1,64,0.5338,2,256,0.5719,1,2,,0,,gcc.trace.txt
16,4,8,,4,128,,2,2,,,,gcc.trace.txt
32,2,32,,8,128,,0,0,,,,gcc.trace.txt
16,8,16,,1,512,,1,0,,,,gcc.trace.txt
16,2,64,0.4721,4,256,0.5566,2,0,,0,,gcc.trace.txt
64,1,32768,0.0298,4,524288,0.4877,0,0,,0,,gcc.trace.txt
32,8,32,,4,512,,1,1,,,,gcc.trace.txt
16,1,64,0.4967,2,256,0.5695,1,2,,0,,gcc.trace.txt
16,1,16,0.6836,8,256,0.3769,0,2,,0,,gcc.trace.txt
16,8,16,,4,128,,0,2,,,,gcc.trace.txt
16,1,16,,8,0,,0,0,,,,gcc.trace.txt
16,8,64,,4,512,,2,2,,,,gcc.trace.txt
16,2,16,,1,256,,1,2,,,,gcc.trace.txt
16,4,32,,1,128,,0,1,,,,gcc.trace.txt
16,1,32768,0.0591,0,0,0.0,0,0,,0,,gcc.trace.txt
32,1,32,0.6165,2,256,0.4952,2,1,,0,,gcc.trace.txt
16,2,8,,1,0,,0,1,,,,gcc.trace.txt
16,8,64,,2,256,,0,1,,,,gcc.trace.txt
32,1,32,0.6165,4,512,0.3262,0,2,,0,,gcc.trace.txt
32,1,16,,4,0,,0,2,,,,gcc.trace.txt
32,1,32,,4,0,,0,1,,,,gcc.trace.txt
32,4,16,,4,128,,0,0,,,,gcc.trace.txt
32,1,32,0.6165,1,128,0.7027,1,0,,0,,gcc.trace.txt
32,4,8,,8,256,,2,2,,,,gcc.trace.txt
32,4,16,,1,512,,1,2,,,,gcc.trace.txt
32,8,8,,1,0,,0,0,,,,gcc.trace.txt
16,8,16,,8,256,,1,1,,,,gcc.trace.txt
32,2,16,,2,0,,1,2,,,,gcc.trace.txt
16,1,16,0.6836,4,128,0.5117,1,1,,0,,gcc.trace.txt
32,2,32,,2,0,,1,1,,,,gcc.trace.txt
32,8,32768,0.0262,0,0,0.0,0,0,/Users/kaylaradu/GitHubRepos/GitNCSU/ECE492-MicroArch/traces/gcc_trace.txt,0,graph1_size_assoc,gcc.trace.txt
16,1,2048,0.1506,0,0,0.0,0,0,,0,,gcc.trace.txt
16,8,64,,1,512,,0,0,,,,gcc.trace.txt
16,1,16,0.6836,4,512,0.2896,2,1,,0,,gcc.trace.txt
32,1,16,,1,0,,2,0,,,,gcc.trace.txt
32,1,32,0.6165,1,512,0.4304,2,0,,0,,gcc.trace.txt
16,1,16,0.6836,2,256,0.4138,0,2,,0,,gcc.trace.txt
32,4,2048,0.0962,8,16384,0.2879,0,0,,0,,gcc.trace.txt
32,4,16,,1,128,,2,2,,,,gcc.trace.txt
32,2,64,,1,0,,1,1,,,,gcc.trace.txt
16,1,64,0.4967,8,256,0.5219,1,2,,0,,gcc.trace.txt
32,8,8,,4,0,,2,2,,,,gcc.trace.txt
16,8,64,,4,128,,1,2,,,,gcc.trace.txt
32,2,32,,2,128,,0,0,,,,gcc.trace.txt
16,2,64,0.4721,1,256,0.6241,0,2,,0,,gcc.trace.txt
32,2,32,,8,0,,1,1,,,,gcc.trace.txt
16,4,8,,1,128,,0,0,,,,gcc.trace.txt
32,8,1024,0.1363,4,524288,0.1895,0,0,,0,,gcc.trace.txt
32,2,16,,8,0,,1,2,,,,gcc.trace.txt
32,4,8,,4,512,,0,1,,,,gcc.trace.txt
16,8,16,,2,256,,1,1,,,,gcc.trace.txt
16,2,16,,4,0,,1,0,,,,gcc.trace.txt
32,4,8,,2,256,,2,2,,,,gcc.trace.txt
16,1,64,,4,0,,2,1,,,,gcc.trace.txt
32,8,32,,4,128,,2,1,,,,gcc.trace.txt
16,8,64,,8,256,,0,1,,,,gcc.trace.txt
16,8,16,,1,128,,2,0,,,,gcc.trace.txt
16,4,8,,4,512,,1,2,,,,gcc.trace.txt
32,4,8,,1,0,,1,2,,,,gcc.trace.txt
32,1,32,0.6165,8,256,0.4533,2,1,,0,,gcc.trace.txt
16,1,16,,2,0,,0,0,,,,gcc.trace.txt
16,1,64,0.4967,4,128,0.7038,0,1,,0,,gcc.trace.txt
32,2,8,,4,256,,0,1,,,,gcc.trace.txt
16,1,8,,1,128,,1,1,,,,gcc.trace.txt
32,8,16,,2,0,,1,2,,,,gcc.trace.txt
32,8,32,,2,0,,1,1,,,,gcc.trace.txt
32,1,8,,4,512,,1,0,,,,gcc.trace.txt
16,8,32,,4,128,,2,1,,,,gcc.trace.txt
16,4,64,0.4645,1,512,0.5158,0,2,,0,,gcc.trace.txt
32,8,16,,1,128,,2,0,,,,gcc.trace.txt
32,2,8,,2,512,,2,2,,,,gcc.trace.txt
16,1,32,0.5884,8,256,0.438,2,1,,0,,gcc.trace.txt
32,1,64,0.5338,4,128,0.7476,0,1,,0,,gcc.trace.txt
32,2,8,,1,0,,0,0,,,,gcc.trace.txt
32,2,64,0.5039,1,256,0.6437,0,2,,0,,gcc.trace.txt
16,1,8,,2,256,,2,0,,,,gcc.trace.txt
32,4,16,,8,0,,0,0,,,,gcc.trace.txt
32,8,2048,0.0907,4,262144,0.2847,0,0,,0,,gcc.trace.txt
16,4,16,,4,0,,0,2,,,,gcc.trace.txt
32,8,16,,2,256,,1,1,,,,gcc.trace.txt
16,8,8,,1,0,,0,1,,,,gcc.trace.txt
16,4,64,0.4645,4,128,0.7537,1,0,,0,,gcc.trace.txt
16,4,32,,4,0,,0,1,,,,gcc.trace.txt
32,1,8,,1,128,,0,2,,,,gcc.trace.txt
16,2,8,,4,256,,1,2,,,,gcc.trace.txt
32,1,64,0.5338,8,256,0.529,1,2,,0,,gcc.trace.txt
16,8,8,,1,128,,0,2,,,,gcc.trace.txt
32,8,8,,2,256,,2,0,,,,gcc.trace.txt
32,2,8,,8,128,,1,2,,,,gcc.trace.txt
16,2,32,0.5666,2,128,0.6525,0,0,,0,,gcc.trace.txt
16,2,8,,8,128,,0,1,,,,gcc.trace.txt
32,1,2048,0.1477,0,0,0.0,0,0,,0,,gcc.trace.txt
32,8,8192,0.0395,8,524288,0.653,0,0,,0,,gcc.trace.txt
32,1,16,,4,512,,2,1,,,,gcc.trace.txt
16,4,32768,0.0475,8,262144,0.9914,0,0,,0,,gcc.trace.txt
32,8,8,,1,128,,1,1,,,,gcc.trace.txt
16,1,32,0.5884,1,512,0.4171,2,0,,0,,gcc.trace.txt
32,1,16,,2,256,,0,2,,,,gcc.trace.txt
16,2,16384,0.0525,8,524288,0.8972,0,0,,0,,gcc.trace.txt
16,4,16,,1,128,,2,2,,,,gcc.trace.txt
16,8,8,,4,512,,1,0,,,,gcc.trace.txt
16,4,32768,0.0475,2,131072,0.9924,0,0,,0,,gcc.trace.txt
32,1,32,0.6165,2,256,0.4952,1,0,,0,,gcc.trace.txt
32,1,64,,2,0,,1,2,,,,gcc.trace.txt
32,2,32,,2,512,,0,1,,,,gcc.trace.txt
16,4,8,,8,256,,0,0,,,,gcc.trace.txt
32,2,32,,4,256,,2,2,,,,gcc.trace.txt
16,2,64,0.4721,8,128,0.7315,0,2,,0,,gcc.trace.txt
32,2,64,,4,0,,0,2,,,,gcc.trace.txt
32,1,32,0.6165,1,128,0.7027,2,1,,0,,gcc.trace.txt
16,4,32,,2,256,,0,1,,,,gcc.trace.txt
16,2,16,,2,128,,1,2,,,,gcc.trace.txt
16,8,16,,8,256,,2,0,,,,gcc.trace.txt
16,8,64,,1,128,,0,1,,,,gcc.trace.txt
32,8,4096,0.0537,4,262144,0.4813,0,0,,0,,gcc.trace.txt
16,2,64,,8,0,,0,0,,,,gcc.trace.txt
16,4,32,,4,512,,2,2,,,,gcc.trace.txt
32,2,32,,2,0,,2,0,,,,gcc.trace.txt
16,1,16,0.6836,4,128,0.5117,2,0,,0,,gcc.trace.txt
16,2,64,0.4721,4,256,0.5566,1,1,,0,,gcc.trace.txt
32,4,16,,8,256,,2,2,,,,gcc.trace.txt
16,8,16,,1,512,,2,1,,,,gcc.trace.txt
16,1,64,0.4967,4,512,0.3986,0,0,,0,,gcc.trace.txt
32,4,8,,1,512,,1,2,,,,gcc.trace.txt
16,1,8,,8,0,,0,2,,,,gcc.trace.txt
16,2,32,,1,0,,0,0,,,,gcc.trace.txt
32,8,32,,4,512,,2,0,,,,gcc.trace.txt
16,2,16,,8,512,,2,2,,,,gcc.trace.txt
16,4,8,,1,512,,0,1,,,,gcc.trace.txt
32,4,8,,4,0,,0,1,,,,gcc.trace.txt
32,4,8,,4,128,,0,0,,,,gcc.trace.txt
16,1,64,0.4967,1,128,0.8099,1,2,,0,,gcc.trace.txt
16,4,16384,0.0482,4,131072,0.9772,0,0,,0,,gcc.trace.txt
16,1,8,,4,128,,0,2,,,,gcc.trace.txt
32,2,8,,1,256,,1,2,,,,gcc.trace.txt
32,2,16,,8,512,,2,2,,,,gcc.trace.txt
16,4,64,0.4645,4,512,0.4263,1,1,,0,,gcc.trace.txt
16,8,8,,8,256,,0,2,,,,gcc.trace.txt
32,4,16384,0.0283,0,0,0.0,0,0,,0,,gcc.trace.txt
32,1,64,0.5338,1,128,0.8116,1,2,,0,,gcc.trace.txt
32,8,16,,1,512,,2,1,,,,gcc.trace.txt
16,4,16,,8,256,,2,2,,,,gcc.trace.txt
32,1,64,0.5338,4,512,0.3768,0,0,,0,,gcc.trace.txt
64,1,16384,0.0393,8,524288,0.3694,0,0,,0,,gcc.trace.txt
32,8,8,,8,256,,1,1,,,,gcc.trace.txt
16,4,16,,1,0,,1,1,,,,gcc.trace.txt
16,1,8,,1,512,,1,0,,,,gcc.trace.txt
16,8,8,,4,0,,1,2,,,,gcc.trace.txt
16,2,8,,1,256,,0,1,,,,gcc.trace.txt
16,8,32,,4,512,,2,0,,,,gcc.trace.txt
16,4,32,,1,0,,1,2,,,,gcc.trace.txt
32,1,8,,4,128,,1,1,,,,gcc.trace.txt
16,1,32,0.5884,1,128,0.6837,2,1,,0,,gcc.trace.txt
32,2,16,,2,128,,1,2,,,,gcc.trace.txt
32,8,8,,1,512,,1,0,,,,gcc.trace.txt
32,4,32,,2,256,,0,1,,,,gcc.trace.txt
16,8,8,,4,128,,1,1,,,,gcc.trace.txt
32,8,16,,8,256,,2,0,,,,gcc.trace.txt
32,4,32,,4,512,,2,2,,,,gcc.trace.txt
16,2,8,,8,512,,0,0,,,,gcc.trace.txt
32,1,16,,4,128,,2,0,,,,gcc.trace.txt
16,1,8,,8,256,,1,1,,,,gcc.trace.txt
16,4,64,,8,0,,1,2,,,,gcc.trace.txt
16,4,8,,1,0,,2,2,,,,gcc.trace.txt
32,1,8,,8,256,,0,2,,,,gcc.trace.txt
16,1,32,0.5884,2,256,0.4808,1,0,,0,,gcc.trace.txt
16,8,32,,4,0,,2,2,,,,gcc.trace.txt
16,8,16,,4,0,,2,1,,,,gcc.trace.txt
16,2,32,0.5666,2,512,0.3743,0,1,,0,,gcc.trace.txt
32,8,32,,8,0,,2,0,,,,gcc.trace.txt
32,8,8,,4,128,,0,2,,,,gcc.trace.txt
16,2,32,0.5666,4,256,0.4635,2,2,,0,,gcc.trace.txt
32,2,64,,8,128,,0,2,,,,gcc.trace.txt
16,8,64,,2,0,,0,0,,,,gcc.trace.txt
32,8,16384,0.0277,2,524288,0.9308,0,0,,0,,gcc.trace.txt
32,8,8,,4,128,,1,2,,,,gcc.trace.txt
16,8,64,,2,0,,1,0,,,,gcc.trace.txt
32,2,64,,8,128,,1,2,,,,gcc.trace.txt
16,4,16,,4,128,,2,1,,,,gcc.trace.txt
32,1,8,,8,256,,1,2,,,,gcc.trace.txt
16,1,32,0.5884,2,256,0.4808,0,0,,0,,gcc.trace.txt
32,4,32,,1,128,,2,0,,,,gcc.trace.txt
16,2,32,0.5666,2,512,0.3743,1,1,,0,,gcc.trace.txt
32,1,16,,1,512,,2,2,,,,gcc.trace.txt
16,2,8,,8,512,,1,0,,,,gcc.trace.txt
32,4,32,,2,0,,2,2,,,,gcc.trace.txt
16,4,64,,8,0,,0,2,,,,gcc.trace.txt
32,4,16,,2,0,,2,1,,,,gcc.trace.txt
16,1,8,,8,256,,0,1,,,,gcc.trace.txt
32,4,32,,2,256,,1,1,,,,gcc.trace.txt
32,2,16,,2,128,,0,2,,,,gcc.trace.txt
32,8,8,,1,512,,0,0,,,,gcc.trace.txt
16,8,8,,4,128,,0,1,,,,gcc.trace.txt
16,1,8,,1,512,,0,0,,,,gcc.trace.txt
16,4,16,,1,0,,0,1,,,,gcc.trace.txt
32,1,8,,4,128,,0,1,,,,gcc.trace.txt
16,4,32,,1,0,,0,2,,,,gcc.trace.txt
16,2,8,,1,256,,1,1,,,,gcc.trace.txt
64,4,16384,0.0204,8,262144,0.71,0,0,,0,,gcc.trace.txt
16,8,8,,4,0,,0,2,,,,gcc.trace.txt
16,2,32,0.5666,8,128,0.6102,2,1,,0,,gcc.trace.txt
32,2,64,0.5039,4,256,0.5652,0,1,,0,,gcc.trace.txt
32,8,8,,8,256,,0,1,,,,gcc.trace.txt
64,4,16384,0.0204,2,131072,0.7144,0,0,,0,,gcc.trace.txt
64,2,32768,0.0183,8,524288,0.793,0,0,,0,,gcc.trace.txt
32,1,64,0.5338,4,512,0.3768,1,0,,0,,gcc.trace.txt
16,8,8,,8,256,,1,2,,,,gcc.trace.txt
16,4,64,0.4645,2,256,0.6009,2,2,,0,,gcc.trace.txt
32,1,64,0.5338,1,128,0.8116,0,2,,0,,gcc.trace.txt
16,2,8,,2,128,,2,0,,,,gcc.trace.txt
32,2,8,,1,256,,0,2,,,,gcc.trace.txt
16,1,8,,4,128,,1,2,,,,gcc.trace.txt
16,4,64,0.4645,4,512,0.4263,0,1,,0,,gcc.trace.txt
16,8,32,,1,128,,2,2,,,,gcc.trace.txt
32,4,8,,4,0,,1,1,,,,gcc.trace.txt
16,4,8,,1,512,,1,1,,,,gcc.trace.txt
64,8,4096,0.0599,8,131072,0.2424,0,0,,0,,gcc.trace.txt
16,1,64,0.4967,1,128,0.8099,0,2,,0,,gcc.trace.txt
32,4,8,,4,128,,1,0,,,,gcc.trace.txt
64,8,4096,0.0599,2,262144,0.2427,0,0,,0,,gcc.trace.txt
32,8,32,,1,128,,2,2,,,,gcc.trace.txt
16,1,64,,1,0,,2,2,,,,gcc.trace.txt
16,1,8,,8,0,,1,2,,,,gcc.trace.txt
16,2,32,,1,0,,1,0,,,,gcc.trace.txt
16,2,64,0.4721,2,512,0.4481,2,2,,0,,gcc.trace.txt
32,2,32,,8,128,,2,1,,,,gcc.trace.txt
16,2,64,0.4721,4,256,0.5566,0,1,,0,,gcc.trace.txt
32,4,8,,1,512,,0,2,,,,gcc.trace.txt
16,1,64,0.4967,4,512,0.3986,1,0,,0,,gcc.trace.txt
16,2,64,,8,0,,1,0,,,,gcc.trace.txt
16,8,64,,1,128,,1,1,,,,gcc.trace.txt
16,2,16,,2,128,,0,2,,,,gcc.trace.txt
16,4,32,,2,256,,1,1,,,,gcc.trace.txt
32,2,64,,4,0,,1,2,,,,gcc.trace.txt
32,8,8,,1,0,,2,1,,,,gcc.trace.txt
16,8,64,,2,256,,2,0,,,,gcc.trace.txt
16,2,64,0.4721,8,128,0.7315,1,2,,0,,gcc.trace.txt
32,1,32,,4,0,,2,0,,,,gcc.trace.txt
32,4,16,,4,128,,2,1,,,,gcc.trace.txt
16,4,8,,8,256,,1,0,,,,gcc.trace.txt
16,1,16,,8,0,,2,1,,,,gcc.trace.txt
32,1,64,,2,0,,0,2,,,,gcc.trace.txt
32,1,32,0.6165,2,256,0.4952,0,0,,0,,gcc.trace.txt
16,4,32,,1,128,,2,0,,,,gcc.trace.txt
16,2,8,,1,0,,2,0,,,,gcc.trace.txt
16,1,32,,8,0,,2,2,,,,gcc.trace.txt
32,2,32,,2,512,,1,1,,,,gcc.trace.txt
16,1,16,0.6836,1,512,0.359,2,2,,0,,gcc.trace.txt
32,8,8,,1,128,,0,1,,,,gcc.trace.txt
16,8,8192,0.0587,8,131072,0.8028,0,0,,0,,gcc.trace.txt
16,1,4096,0.1102,0,0,0.0,0,0,,0,,gcc.trace.txt
64,8,2048,0.0996,2,262144,0.146,0,0,,0,,gcc.trace.txt
16,2,32,0.5666,1,256,0.5278,2,1,,0,,gcc.trace.txt
16,8,8,,4,512,,0,0,,,,gcc.trace.txt
16,1,32768,0.0591,8,524288,0.7969,0,0,,0,,gcc.trace.txt
32,1,16,,2,256,,1,2,,,,gcc.trace.txt
32,1,16384,0.0461,0,0,0.0,0,0,/Users/kaylaradu/GitHubRepos/GitNCSU/ECE492-MicroArch/traces/gcc_trace.txt,0,graph1_size_assoc,gcc.trace.txt
16,8,32,,1,0,,2,1,,,,gcc.trace.txt
16,2,8,,8,128,,1,1,,,,gcc.trace.txt
32,2,16,,4,256,,2,0,,,,gcc.trace.txt
16,4,8,,4,0,,2,1,,,,gcc.trace.txt
16,8,16,,1,0,,2,2,,,,gcc.trace.txt
64,8,2048,0.0996,8,131072,0.1458,0,0,,0,,gcc.trace.txt
16,8,8192,0.0587,2,262144,0.8033,0,0,,0,,gcc.trace.txt
32,4,32,,1,512,,2,1,,,,gcc.trace.txt
16,8,32,,8,256,,2,2,,,,gcc.trace.txt
32,2,8,,8,128,,0,2,,,,gcc.trace.txt
16,2,32,0.5666,2,128,0.6525,1,0,,0,,gcc.trace.txt
16,1,32,0.5884,4,128,0.5946,2,2,,0,,gcc.trace.txt
32,1,64,0.5338,8,256,0.529,0,2,,0,,gcc.trace.txt
32,1,8,,8,0,,2,2,,,,gcc.trace.txt
16,8,8,,1,128,,1,2,,,,gcc.trace.txt
16,4,16,,4,512,,2,0,,,,gcc.trace.txt
32,8,16,,2,256,,0,1,,,,gcc.trace.txt
64,4,16384,0.0204,0,0,0.0,0,0,/Users/kaylaradu/GitHubRepos/GitNCSU/ECE492-MicroArch/traces/gcc_trace.txt,0,graph4_blocksize,gcc.trace.txt
16,4,16,,4,0,,1,2,,,,gcc.trace.txt
32,4,32,,8,256,,2,0,,,,gcc.trace.txt
16,2,8,,4,256,,0,2,,,,gcc.trace.txt
32,1,8,,1,128,,1,2,,,,gcc.trace.txt
16,4,32,,4,0,,1,1,,,,gcc.trace.txt
16,4,64,0.4645,4,128,0.7537,0,0,,0,,gcc.trace.txt
16,8,8,,1,0,,1,1,,,,gcc.trace.txt
32,8,16,,4,512,,2,2,,,,gcc.trace.txt
32,4,16,,8,0,,1,0,,,,gcc.trace.txt
32,2,64,0.5039,1,256,0.6437,1,2,,0,,gcc.trace.txt
16,2,8,,2,512,,2,1,,,,gcc.trace.txt
16,2,32,0.5666,8,512,0.343,2,0,,0,,gcc.trace.txt
32,2,8,,1,0,,1,0,,,,gcc.trace.txt
32,1,64,0.5338,4,128,0.7476,1,1,,0,,gcc.trace.txt
32,8,16,,2,0,,0,2,,,,gcc.trace.txt
16,8,64,,8,0,,2,1,,,,gcc.trace.txt
16,1,8,,1,128,,0,1,,,,gcc.trace.txt
32,2,8,,4,256,,1,1,,,,gcc.trace.txt
16,4,64,0.4645,1,512,0.5158,1,2,,0,,gcc.trace.txt
32,1,8,,4,512,,0,0,,,,gcc.trace.txt
32,8,32,,2,0,,0,1,,,,gcc.trace.txt
32,4,8,,1,0,,0,2,,,,gcc.trace.txt
32,8,32768,0.0262,4,524288,0.9836,0,0,,0,,gcc.trace.txt
16,4,8,,4,512,,0,2,,,,gcc.trace.txt
32,2,32,,8,512,,2,0,,,,gcc.trace.txt
16,1,64,0.4967,4,128,0.7038,1,1,,0,,gcc.trace.txt
16,1,16,,2,0,,1,0,,,,gcc.trace.txt
16,4,8,,2,256,,2,1,,,,gcc.trace.txt
16,8,64,,8,256,,1,1,,,,gcc.trace.txt
16,8,16,,2,256,,0,1,,,,gcc.trace.txt
16,8,1024,0.1401,4,131072,0.3365,0,0,,0,,gcc.trace.txt
16,4,32,,8,256,,2,0,,,,gcc.trace.txt
16,2,16,,4,0,,0,0,,,,gcc.trace.txt
16,4,8,,1,128,,1,0,,,,gcc.trace.txt
16,8,16,,4,512,,2,2,,,,gcc.trace.txt
16,2,64,0.4721,1,256,0.6241,1,2,,0,,gcc.trace.txt
32,2,32,,8,0,,0,1,,,,gcc.trace.txt
32,4,8,,4,512,,1,1,,,,gcc.trace.txt
16,2,64,,2,0,,2,1,,,,gcc.trace.txt
32,2,16,,8,0,,0,2,,,,gcc.trace.txt
32,8,32,,8,256,,2,2,,,,gcc.trace.txt
16,4,32,,1,512,,2,1,,,,gcc.trace.txt
16,8,64,,4,128,,0,2,,,,gcc.trace.txt
32,2,32,,2,128,,1,0,,,,gcc.trace.txt
32,1,32,0.6165,4,128,0.6518,2,2,,0,,gcc.trace.txt
16,1,64,0.4967,8,256,0.5219,0,2,,0,,gcc.trace.txt
32,2,64,,1,0,,0,1,,,,gcc.trace.txt
32,4,16,,4,512,,2,0,,,,gcc.trace.txt
64,4,32768,0.0156,4,131072,0.932,0,0,,0,,gcc.trace.txt
32,1,4096,0.1002,0,0,0.0,0,0,,0,,gcc.trace.txt
64,8,1024,0.1473,2,524288,0.0986,0,0,,0,,gcc.trace.txt
32,2,32,,1,256,,2,1,,,,gcc.trace.txt
16,1,16,0.6836,2,256,0.4138,1,2,,0,,gcc.trace.txt
16,8,64,,1,512,,1,0,,,,gcc.trace.txt
16,2,16,,4,256,,2,0,,,,gcc.trace.txt
16,2,32768,0.0495,4,262144,0.9515,0,0,,0,,gcc.trace.txt
32,4,16,,1,128,,1,2,,,,gcc.trace.txt
32,2,32,,1,256,,0,1,,,,gcc.trace.txt
32,1,16,,1,0,,1,0,,,,gcc.trace.txt
32,1,32,0.6165,1,512,0.4304,1,0,,0,,gcc.trace.txt
16,1,16,0.6836,4,512,0.2896,1,1,,0,,gcc.trace.txt
16,4,16384,0.0482,4,524288,0.9772,0,0,,0,,gcc.trace.txt
64,8,4096,0.0599,0,0,0.0,0,0,,0,,gcc.trace.txt
16,2,16,,4,256,,0,0,,,,gcc.trace.txt
16,8,64,,4,128,,2,2,,,,gcc.trace.txt
32,8,32,,8,256,,0,2,,,,gcc.trace.txt
16,4,32,,1,512,,0,1,,,,gcc.trace.txt
32,8,8,,4,0,,1,2,,,,gcc.trace.txt
32,4,16,,4,512,,0,0,,,,gcc.trace.txt
32,2,64,,1,0,,2,1,,,,gcc.trace.txt
16,1,64,0.4967,8,256,0.5219,2,2,,0,,gcc.trace.txt
32,1,32,0.6165,4,128,0.6518,0,2,,0,,gcc.trace.txt
16,2,16,,4,0,,2,0,,,,gcc.trace.txt
32,4,8,,2,256,,1,2,,,,gcc.trace.txt
16,4,32,,8,256,,0,0,,,,gcc.trace.txt
16,8,16,,2,256,,2,1,,,,gcc.trace.txt
32,2,16,,8,0,,2,2,,,,gcc.trace.txt
16,2,64,,2,0,,0,1,,,,gcc.trace.txt
32,2,32,,8,0,,2,1,,,,gcc.trace.txt
16,8,16,,4,512,,0,2,,,,gcc.trace.txt
32,1,32,0.6165,8,256,0.4533,1,1,,0,,gcc.trace.txt
16,4,8,,4,512,,2,2,,,,gcc.trace.txt
16,8,16,,1,128,,1,0,,,,gcc.trace.txt
32,2,32,,8,512,,0,0,,,,gcc.trace.txt
32,4,8,,1,0,,2,2,,,,gcc.trace.txt
16,1,64,,4,0,,1,1,,,,gcc.trace.txt
32,8,32,,4,128,,1,1,,,,gcc.trace.txt
16,4,8,,2,256,,0,1,,,,gcc.trace.txt
16,1,32,0.5884,8,256,0.438,1,1,,0,,gcc.trace.txt
32,2,8,,2,512,,1,2,,,,gcc.trace.txt
32,8,16,,1,128,,1,0,,,,gcc.trace.txt
16,2,32,0.5666,8,512,0.343,0,0,,0,,gcc.trace.txt
32,8,32,,2,0,,2,1,,,,gcc.trace.txt
32,1,8,,4,512,,2,0,,,,gcc.trace.txt
16,8,32,,4,128,,1,1,,,,gcc.trace.txt
16,1,8,,1,128,,2,1,,,,gcc.trace.txt
16,8,64,,8,0,,0,1,,,,gcc.trace.txt
32,8,16,,2,0,,2,2,,,,gcc.trace.txt
16,4,64,0.4645,4,128,0.7537,2,0,,0,,gcc.trace.txt
32,4,32,,8,256,,0,0,,,,gcc.trace.txt
16,2,8,,4,256,,2,2,,,,gcc.trace.txt
32,8,16,,2,256,,2,1,,,,gcc.trace.txt
16,2,8,,2,512,,0,1,,,,gcc.trace.txt
64,4,1024,0.1584,0,0,0.0,0,0,/Users/kaylaradu/GitHubRepos/GitNCSU/ECE492-MicroArch/traces/gcc_trace.txt,0,graph4_blocksize,gcc.trace.txt
16,1,8,,2,256,,1,0,,,,gcc.trace.txt
32,8,16,,4,512,,0,2,,,,gcc.trace.txt
32,2,8,,8,128,,2,2,,,,gcc.trace.txt
64,1,16384,0.0393,8,131072,0.3694,0,0,,0,,gcc.trace.txt
32,4,32,,1,512,,0,1,,,,gcc.trace.txt
32,8,8,,2,256,,1,0,,,,gcc.trace.txt
16,8,32,,8,256,,0,2,,,,gcc.trace.txt
64,1,16384,0.0393,2,262144,0.3699,0,0,,0,,gcc.trace.txt
16,4,16,,4,512,,0,0,,,,gcc.trace.txt
32,1,64,0.5338,8,256,0.529,2,2,,0,,gcc.trace.txt
32,1,8,,8,0,,0,2,,,,gcc.trace.txt
16,1,32,0.5884,4,128,0.5946,0,2,,0,,gcc.trace.txt
16,8,8,,4,512,,2,0,,,,gcc.trace.txt
16,2,32,0.5666,1,256,0.5278,0,1,,0,,gcc.trace.txt
16,4,16,,1,128,,1,2,,,,gcc.trace.txt
32,8,8,,1,128,,2,1,,,,gcc.trace.txt
16,1,32,0.5884,1,512,0.4171,1,0,,0,,gcc.trace.txt
32,1,16,,4,512,,1,1,,,,gcc.trace.txt
16,8,16,,1,0,,0,2,,,,gcc.trace.txt
16,4,8,,4,0,,0,1,,,,gcc.trace.txt
32,2,16,,4,256,,0,0,,,,gcc.trace.txt
16,8,32,,1,0,,0,1,,,,gcc.trace.txt
32,2,32,,4,256,,1,2,,,,gcc.trace.txt
32,4,16,,4,128,,0,1,,,,gcc.trace.txt
32,1,32,,4,0,,0,0,,,,gcc.trace.txt
16,8,64,,2,256,,0,0,,,,gcc.trace.txt
16,1,16,0.6836,1,512,0.359,0,2,,0,,gcc.trace.txt
16,1,32,,8,0,,0,2,,,,gcc.trace.txt
16,2,8,,1,0,,0,0,,,,gcc.trace.txt
16,4,32,,1,128,,0,0,,,,gcc.trace.txt
32,1,32,0.6165,2,256,0.4952,2,0,,0,,gcc.trace.txt
32,1,64,,2,0,,2,2,,,,gcc.trace.txt
16,1,16,,8,0,,0,1,,,,gcc.trace.txt
32,2,32,,2,0,,1,0,,,,gcc.trace.txt
16,1,16,0.6836,4,128,0.5117,1,0,,0,,gcc.trace.txt
32,8,1024,0.1363,4,131072,0.1895,0,0,,0,,gcc.trace.txt
16,4,32,,4,512,,1,2,,,,gcc.trace.txt
16,8,16,,8,256,,1,0,,,,gcc.trace.txt
32,8,8,,1,0,,0,1,,,,gcc.trace.txt
16,8,16384,0.0477,0,0,0.0,0,0,,0,,gcc.trace.txt
32,1,32,0.6165,1,128,0.7027,1,1,,0,,gcc.trace.txt
16,2,16,,2,128,,2,2,,,,gcc.trace.txt
32,8,32,,4,512,,1,0,,,,gcc.trace.txt
16,2,64,0.4721,2,512,0.4481,0,2,,0,,gcc.trace.txt
64,1,32768,0.0298,4,262144,0.4877,0,0,,0,,gcc.trace.txt
32,4,8,,1,512,,2,2,,,,gcc.trace.txt
16,2,64,0.4721,4,256,0.5566,2,1,,0,,gcc.trace.txt
16,8,16,,1,512,,1,1,,,,gcc.trace.txt
32,2,32,,8,128,,0,1,,,,gcc.trace.txt
32,4,16,,8,256,,1,2,,,,gcc.trace.txt
128,4,16384,0.0198,0,0,0.0,0,0,/Users/kaylaradu/GitHubRepos/GitNCSU/ECE492-MicroArch/traces/gcc_trace.txt,0,graph4_blocksize,gcc.trace.txt
16,1,64,0.4967,1,128,0.8099,2,2,,0,,gcc.trace.txt
16,1,64,,1,0,,0,2,,,,gcc.trace.txt
16,2,16,,8,512,,1,2,,,,gcc.trace.txt
32,8,32,,1,128,,0,2,,,,gcc.trace.txt
16,2,16384,0.0525,2,262144,0.8978,0,0,,0,,gcc.trace.txt
16,2,8,,2,128,,0,0,,,,gcc.trace.txt
32,1,64,0.5338,1,128,0.8116,2,2,,0,,gcc.trace.txt
16,4,64,0.4645,2,256,0.6009,0,2,,0,,gcc.trace.txt
32,8,8192,0.0395,8,131072,0.653,0,0,,0,,gcc.trace.txt
32,8,8192,0.0395,2,262144,0.6538,0,0,,0,,gcc.trace.txt
32,2,16,,8,512,,1,2,,,,gcc.trace.txt
16,8,32,,1,128,,0,2,,,,gcc.trace.txt
16,4,32768,0.0475,2,524288,0.9914,0,0,,0,,gcc.trace.txt
16,2,16384,0.0525,8,131072,0.8972,0,0,,0,,gcc.trace.txt
16,4,64,0.4645,4,512,0.4263,2,1,,0,,gcc.trace.txt
128,4,8192,0.0483,0,0,0.0,0,0,/Users/kaylaradu/GitHubRepos/GitNCSU/ECE492-MicroArch/traces/gcc_trace.txt,0,graph4_blocksize,gcc.trace.txt
32,2,8,,1,256,,2,2,,,,gcc.trace.txt
16,8,8,,4,0,,2,2,,,,gcc.trace.txt
16,8,32,,4,512,,1,0,,,,gcc.trace.txt
16,4,32,,1,0,,2,2,,,,gcc.trace.txt
32,1,8,,4,128,,2,1,,,,gcc.trace.txt
16,4,16,,1,0,,2,1,,,,gcc.trace.txt
16,1,8,,1,512,,2,0,,,,gcc.trace.txt
32,8,8,,8,256,,2,1,,,,gcc.trace.txt
16,4,16,,8,256,,1,2,,,,gcc.trace.txt
32,8,16,,1,512,,1,1,,,,gcc.trace.txt
16,2,32,0.5666,8,128,0.6102,0,1,,0,,gcc.trace.txt
32,4,16,,2,0,,0,1,,,,gcc.trace.txt
16,1,8,,8,256,,2,1,,,,gcc.trace.txt
32,1,16,,4,128,,1,0,,,,gcc.trace.txt
16,4,64,,8,0,,2,2,,,,gcc.trace.txt
32,4,32,,2,0,,0,2,,,,gcc.trace.txt
32,4,32,,4,512,,1,2,,,,gcc.trace.txt
32,8,16,,8,256,,1,0,,,,gcc.trace.txt
16,8,8,,4,128,,2,1,,,,gcc.trace.txt
16,1,32,0.5884,1,128,0.6837,1,1,,0,,gcc.trace.txt
32,8,8,,1,512,,2,0,,,,gcc.trace.txt
32,2,16,,2,128,,2,2,,,,gcc.trace.txt
16,4,16,,4,128,,0,1,,,,gcc.trace.txt
16,2,32,0.5666,4,256,0.4635,1,2,,0,,gcc.trace.txt
32,8,32,,8,0,,1,0,,,,gcc.trace.txt
32,1,16,,1,512,,0,2,,,,gcc.trace.txt
16,8,16,,4,0,,1,1,,,,gcc.trace.txt
32,4,32,,1,128,,0,0,,,,gcc.trace.txt
16,4,8,,1,0,,1,2,,,,gcc.trace.txt
16,1,32,0.5884,2,256,0.4808,2,0,,0,,gcc.trace.txt
16,8,32,,4,0,,1,2,,,,gcc.trace.txt
16,2,32,0.5666,2,512,0.3743,2,1,,0,,gcc.trace.txt
16,8,16,,4,0,,0,1,,,,gcc.trace.txt
32,1,16,,1,512,,1,2,,,,gcc.trace.txt
16,8,32,,4,0,,0,2,,,,gcc.trace.txt
32,1,8,,8,256,,2,2,,,,gcc.trace.txt
16,4,8,,1,0,,0,2,,,,gcc.trace.txt
32,4,32,,1,128,,1,0,,,,gcc.trace.txt
16,8,64,,2,0,,2,0,,,,gcc.trace.txt
32,2,64,,8,128,,2,2,,,,gcc.trace.txt
16,2,32,0.5666,4,256,0.4635,0,2,,0,,gcc.trace.txt
16,4,16,,4,128,,1,1,,,,gcc.trace.txt
32,8,8,,4,128,,2,2,,,,gcc.trace.txt
32,8,32,,8,0,,0,0,,,,gcc.trace.txt
32,8,16,,8,256,,0,0,,,,gcc.trace.txt
32,4,32,,2,256,,2,1,,,,gcc.trace.txt
16,8,2048,0.0969,4,262144,0.4866,0,0,,0,,gcc.trace.txt
16,1,32,0.5884,1,128,0.6837,0,1,,0,,gcc.trace.txt
32,1,16,,4,128,,0,0,,,,gcc.trace.txt
32,4,16,,2,0,,1,1,,,,gcc.trace.txt
32,4,32,,4,512,,0,2,,,,gcc.trace.txt
16,2,8,,8,512,,2,0,,,,gcc.trace.txt
64,8,8192,0.0316,4,262144,0.4593,0,0,,0,,gcc.trace.txt
32,4,32,,2,0,,1,2,,,,gcc.trace.txt
32,1,64,0.5338,4,512,0.3768,2,0,,0,,gcc.trace.txt
16,2,32,0.5666,8,128,0.6102,1,1,,0,,gcc.trace.txt
32,8,16,,1,512,,0,1,,,,gcc.trace.txt
16,4,16,,8,256,,0,2,,,,gcc.trace.txt
16,8,32,,4,512,,0,0,,,,gcc.trace.txt
16,2,8,,1,256,,2,1,,,,gcc.trace.txt
16,1,32768,0.0591,8,131072,0.7969,0,0,,0,,gcc.trace.txt
16,8,8192,0.0587,8,524288,0.8028,0,0,,0,,gcc.trace.txt
16,8,32,,1,128,,1,2,,,,gcc.trace.txt
32,2,16,,8,512,,0,2,,,,gcc.trace.txt
16,1,8,,4,128,,2,2,,,,gcc.trace.txt
64,8,2048,0.0996,8,524288,0.1458,0,0,,0,,gcc.trace.txt
16,4,64,0.4645,2,256,0.6009,1,2,,0,,gcc.trace.txt
16,2,8,,2,128,,1,0,,,,gcc.trace.txt
16,1,32768,0.0591,2,262144,0.7973,0,0,,0,,gcc.trace.txt
16,8,8,,8,256,,2,2,,,,gcc.trace.txt
64,8,1024,0.1473,2,131072,0.0991,0,0,,0,,gcc.trace.txt
32,8,32,,1,128,,1,2,,,,gcc.trace.txt
16,2,16,,8,512,,0,2,,,,gcc.trace.txt
16,1,64,,1,0,,1,2,,,,gcc.trace.txt
64,8,1024,0.1473,8,262144,0.0986,0,0,,0,,gcc.trace.txt
32,4,8,,4,128,,2,0,,,,gcc.trace.txt
32,4,8,,4,0,,2,1,,,,gcc.trace.txt
16,4,8,,1,512,,2,1,,,,gcc.trace.txt
64,2,16384,0.026,4,262144,0.5585,0,0,,0,,gcc.trace.txt
16,1,64,0.4967,4,512,0.3986,2,0,,0,,gcc.trace.txt
32,4,16,,8,256,,0,2,,,,gcc.trace.txt
32,2,32,,8,128,,1,1,,,,gcc.trace.txt
16,8,16,,1,512,,0,1,,,,gcc.trace.txt
32,8,32,,4,512,,0,0,,,,gcc.trace.txt
64,4,32768,0.0156,4,524288,0.932,0,0,,0,,gcc.trace.txt
16,2,32,,1,0,,2,0,,,,gcc.trace.txt
16,1,8,,8,0,,2,2,,,,gcc.trace.txt
16,2,64,0.4721,2,512,0.4481,1,2,,0,,gcc.trace.txt
32,8,8,,1,0,,1,1,,,,gcc.trace.txt
16,8,16,,8,256,,0,0,,,,gcc.trace.txt
32,8,2048,0.0907,0,0,0.0,0,0,/Users/kaylaradu/GitHubRepos/GitNCSU/ECE492-MicroArch/traces/gcc_trace.txt,0,graph1_size_assoc,gcc.trace.txt
16,4,32,,2,256,,2,1,,,,gcc.trace.txt
16,8,1024,0.1401,4,524288,0.3365,0,0,,0,,gcc.trace.txt
32,1,32,0.6165,1,128,0.7027,0,1,,0,,gcc.trace.txt
32,2,64,,4,0,,2,2,,,,gcc.trace.txt
16,1,16,0.6836,4,128,0.5117,0,0,,0,,gcc.trace.txt
32,2,32,,2,0,,0,0,,,,gcc.trace.txt
16,4,32,,4,512,,0,2,,,,gcc.trace.txt
16,2,64,,8,0,,2,0,,,,gcc.trace.txt
16,8,64,,1,128,,2,1,,,,gcc.trace.txt
32,256,8192,0.0391,0,0,0.0,0,0,/Users/kaylaradu/GitHubRepos/GitNCSU/ECE492-MicroArch/traces/gcc_trace.txt,0,graph1_size_assoc,gcc.trace.txt
32,2,32,,2,512,,2,1,,,,gcc.trace.txt
16,1,32,,8,0,,1,2,,,,gcc.trace.txt
16,2,8,,1,0,,1,0,,,,gcc.trace.txt
16,1,16,0.6836,1,512,0.359,1,2,,0,,gcc.trace.txt
16,1,16,,8,0,,1,1,,,,gcc.trace.txt
32,8,32768,0.0262,4,131072,0.9836,0,0,,0,,gcc.trace.txt
16,4,32,,1,128,,1,0,,,,gcc.trace.txt
16,2,64,0.4721,8,128,0.7315,2,2,,0,,gcc.trace.txt
32,1,32,,4,0,,1,0,,,,gcc.trace.txt
16,4,8,,8,256,,2,0,,,,gcc.trace.txt
32,4,16,,4,128,,1,1,,,,gcc.trace.txt
32,2,32,,4,256,,0,2,,,,gcc.trace.txt
16,8,64,,2,256,,1,0,,,,gcc.trace.txt
32,8,4096,0.0537,8,16384,0.5131,0,0,,0,,gcc.trace.txt
16,8,16,,1,0,,1,2,,,,gcc.trace.txt
32,1,16,,4,512,,0,1,,,,gcc.trace.txt
16,8,32,,1,0,,1,1,,,,gcc.trace.txt
32,2,16,,4,256,,1,0,,,,gcc.trace.txt
16,2,8,,8,128,,2,1,,,,gcc.trace.txt
16,4,8,,4,0,,1,1,,,,gcc.trace.txt
64,8,2048,0.0996,0,0,0.0,0,0,,0,,gcc.trace.txt
16,4,16,,1,128,,0,2,,,,gcc.trace.txt
16,2,32,0.5666,1,256,0.5278,1,1,,0,,gcc.trace.txt
32,1,16,,2,256,,2,2,,,,gcc.trace.txt
16,1,32,0.5884,1,512,0.4171,0,0,,0,,gcc.trace.txt
16,4,16,,4,512,,1,0,,,,gcc.trace.txt
16,8,8,,1,128,,2,2,,,,gcc.trace.txt
64,2,32768,0.0183,2,262144,0.7946,0,0,,0,,gcc.trace.txt
16,1,32,0.5884,4,128,0.5946,1,2,,0,,gcc.trace.txt
32,1,8,,8,0,,1,2,,,,gcc.trace.txt
16,2,32,0.5666,2,128,0.6525,2,0,,0,,gcc.trace.txt
64,2,32768,0.0183,8,131072,0.793,0,0,,0,,gcc.trace.txt
64,4,16384,0.0204,2,524288,0.71,0,0,,0,,gcc.trace.txt
32,8,8,,2,256,,0,0,,,,gcc.trace.txt
16,8,32,,8,256,,1,2,,,,gcc.trace.txt
32,4,32,,1,512,,1,1,,,,gcc.trace.txt
16,2,8,,2,512,,1,1,,,,gcc.trace.txt
32,8,16,,4,512,,1,2,,,,gcc.trace.txt
16,1,8,,2,256,,0,0,,,,gcc.trace.txt
32,4,16,,8,0,,2,0,,,,gcc.trace.txt
32,2,64,0.5039,1,256,0.6437,2,2,,0,,gcc.trace.txt
32,4,32,,8,256,,1,0,,,,gcc.trace.txt
32,1,8,,1,128,,2,2,,,,gcc.trace.txt
16,4,32,,4,0,,2,1,,,,gcc.trace.txt
16,8,8,,1,0,,2,1,,,,gcc.trace.txt
32,64,2048,0.0886,0,0,0.0,0,0,/Users/kaylaradu/GitHubRepos/GitNCSU/ECE492-MicroArch/traces/gcc_trace.txt,0,graph1_size_assoc,gcc.trace.txt
16,4,16,,4,0,,2,2,,,,gcc.trace.txt
16,4,64,0.4645,1,512,0.5158,2,2,,0,,gcc.trace.txt
16,8,32,,4,128,,0,1,,,,gcc.trace.txt
16,8,64,,8,0,,1,1,,,,gcc.trace.txt
32,8,16384,0.0277,2,131072,0.9344,0,0,,0,,gcc.trace.txt
32,2,8,,4,256,,2,1,,,,gcc.trace.txt
32,2,8,,1,0,,2,0,,,,gcc.trace.txt
32,1,64,0.5338,4,128,0.7476,2,1,,0,,gcc.trace.txt
16,1,32,0.5884,8,256,0.438,0,1,,0,,gcc.trace.txt
32,8,16384,0.0277,8,262144,0.9308,0,0,,0,,gcc.trace.txt
32,2,8,,2,512,,0,2,,,,gcc.trace.txt
16,2,32,0.5666,8,512,0.343,1,0,,0,,gcc.trace.txt
32,8,16,,1,128,,0,0,,,,gcc.trace.txt
16,8,64,,8,256,,2,1,,,,gcc.trace.txt
32,8,32,,4,128,,0,1,,,,gcc.trace.txt
16,1,64,,4,0,,0,1,,,,gcc.trace.txt
16,4,8,,2,256,,1,1,,,,gcc.trace.txt
16,1,64,0.4967,4,128,0.7038,2,1,,0,,gcc.trace.txt
16,1,16,,2,0,,2,0,,,,gcc.trace.txt
32,1,32,0.6165,8,256,0.4533,0,1,,0,,gcc.trace.txt
32,2,32,,8,512,,1,0,,,,gcc.trace.txt
16,8,16,,1,128,,0,0,,,,gcc.trace.txt
32,4,8,,4,512,,2,1,,,,gcc.trace.txt
16,2,64,,2,0,,1,1,,,,gcc.trace.txt
16,8,16,,4,512,,1,2,,,,gcc.trace.txt
16,4,8,,1,128,,2,0,,,,gcc.trace.txt
16,2,64,0.4721,1,256,0.6241,2,2,,0,,gcc.trace.txt
32,4,8,,2,256,,0,2,,,,gcc.trace.txt
16,4,32,,8,256,,1,0,,,,gcc.trace.txt
16,8,4096,0.0727,4,262144,0.6478,0,0,,0,,gcc.trace.txt
32,8,8,,4,0,,0,2,,,,gcc.trace.txt
32,4,16,,4,512,,1,0,,,,gcc.trace.txt
64,4,4096,0.0619,0,0,0.0,0,0,/Users/kaylaradu/GitHubRepos/GitNCSU/ECE492-MicroArch/traces/gcc_trace.txt,0,graph4_blocksize,gcc.trace.txt
32,1,32,0.6165,4,128,0.6518,1,2,,0,,gcc.trace.txt
32,2,32,,2,128,,2,0,,,,gcc.trace.txt
16,4,32,,1,512,,1,1,,,,gcc.trace.txt
32,8,32,,8,256,,1,2,,,,gcc.trace.txt
64,8,4096,0.0599,8,524288,0.2424,0,0,,0,,gcc.trace.txt
16,1,16,0.6836,4,512,0.2896,0,1,,0,,gcc.trace.txt
16,8,64,,1,512,,2,0,,,,gcc.trace.txt
16,2,16,,4,256,,1,0,,,,gcc.trace.txt
32,2,32,,1,256,,1,1,,,,gcc.trace.txt
32,4,16,,1,128,,0,2,,,,gcc.trace.txt
16,1,16384,0.0672,4,262144,0.7017,0,0,,0,,gcc.trace.txt
16,1,16,0.6836,2,256,0.4138,2,2,,0,,gcc.trace.txt
32,1,32,0.6165,1,512,0.4304,0,0,,0,,gcc.trace.txt
32,1,16,,1,0,,0,0,,,,gcc.trace.txt
16,8,16,,1,256,,2,2,,,,gcc.trace.txt
32,4,16,,8,512,,2,1,,,,gcc.trace.txt
16,2,64,0.4721,4,512,0.4183,1,2,,0,,gcc.trace.txt
64,2,16384,0.026,8,131072,0.5585,0,0,,0,,gcc.trace.txt
32,8,32,,2,512,,0,0,,,,gcc.trace.txt
16,4,8192,0.0595,0,0,0.0,0,0,,0,,gcc.trace.txt
32,4,8,,1,256,,1,1,,,,gcc.trace.txt
64,4,32768,0.0156,2,524288,0.932,0,0,,0,,gcc.trace.txt
16,2,64,,1,0,,0,2,,,,gcc.trace.txt
16,1,64,0.4967,2,512,0.4272,2,0,,0,,gcc.trace.txt
64,2,16384,0.026,2,262144,0.5596,0,0,,0,,gcc.trace.txt
32,4,8,,2,0,,2,1,,,,gcc.trace.txt
32,4,8,,2,128,,2,0,,,,gcc.trace.txt
16,2,16,,8,256,,2,1,,,,gcc.trace.txt
16,2,64,0.4721,1,128,0.7915,0,0,,0,,gcc.trace.txt
16,4,8,,1,256,,0,2,,,,gcc.trace.txt
64,8,1024,0.1473,4,131072,0.0986,0,0,,0,,gcc.trace.txt
16,8,64,,4,256,,1,0,,,,gcc.trace.txt
32,8,32768,0.0262,8,262144,0.9836,0,0,,0,,gcc.trace.txt
16,2,16,,1,512,,2,0,,,,gcc.trace.txt
32,1,32,,2,0,,1,0,,,,gcc.trace.txt
32,4,16,,2,128,,1,1,,,,gcc.trace.txt
32,2,32,,2,256,,0,2,,,,gcc.trace.txt
16,1,64,0.4967,8,128,0.6851,1,0,,0,,gcc.trace.txt
32,8,32768,0.0262,2,131072,0.9863,0,0,,0,,gcc.trace.txt
32,2,32,,4,512,,2,1,,,,gcc.trace.txt
32,4,8,,8,512,,1,0,,,,gcc.trace.txt
16,4,32,,2,512,,0,2,,,,gcc.trace.txt
32,4,16,,1,256,,2,0,,,,gcc.trace.txt
16,1,16,0.6836,2,128,0.5413,0,0,,0,,gcc.trace.txt
32,2,32,,4,0,,0,0,,,,gcc.trace.txt
16,4,32,,4,256,,2,1,,,,gcc.trace.txt
16,8,1024,0.1401,2,524288,0.3365,0,0,,0,,gcc.trace.txt
16,2,16,,8,0,,0,1,,,,gcc.trace.txt
32,2,64,,2,0,,2,2,,,,gcc.trace.txt
16,2,32,,8,0,,0,2,,,,gcc.trace.txt
16,1,8,,1,0,,0,0,,,,gcc.trace.txt
32,4,32,,2,512,,0,2,,,,gcc.trace.txt
32,4,32,,4,0,,1,2,,,,gcc.trace.txt
64,8,8192,0.0316,2,262144,0.46,0,0,,0,,gcc.trace.txt
32,1024,32768,0.0262,0,0,0.0,0,0,/Users/kaylaradu/GitHubRepos/GitNCSU/ECE492-MicroArch/traces/gcc_trace.txt,0,graph1_size_assoc,gcc.trace.txt
16,8,2048,0.0969,8,131072,0.4866,0,0,,0,,gcc.trace.txt
16,4,16,,1,256,,2,0,,,,gcc.trace.txt
32,1,16,,2,128,,0,0,,,,gcc.trace.txt
32,4,16,,4,0,,1,1,,,,gcc.trace.txt
16,8,2048,0.0969,2,262144,0.4868,0,0,,0,,gcc.trace.txt
32,4,32,,4,256,,2,1,,,,gcc.trace.txt
64,8,8192,0.0316,8,131072,0.4593,0,0,,0,,gcc.trace.txt
16,4,32,,8,0,,1,0,,,,gcc.trace.txt
16,4,64,0.4645,8,128,0.7483,0,1,,0,,gcc.trace.txt
16,1,8,,8,512,,1,2,,,,gcc.trace.txt
16,4,4096,0.0755,0,0,0.0,0,0,/Users/kaylaradu/GitHubRepos/GitNCSU/ECE492-MicroArch/traces/gcc_trace.txt,0,graph4_blocksize,gcc.trace.txt
32,2,16,,1,512,,2,0,,,,gcc.trace.txt
32,8,8,,2,128,,2,2,,,,gcc.trace.txt
32,1,8,,8,512,,0,1,,,,gcc.trace.txt
16,8,64,,4,0,,2,0,,,,gcc.trace.txt
32,2,8,,8,256,,1,0,,,,gcc.trace.txt
16,2,32,0.5666,2,256,0.5002,0,2,,0,,gcc.trace.txt
16,4,16,,2,128,,1,1,,,,gcc.trace.txt
16,8,32,,2,0,,0,2,,,,gcc.trace.txt
32,1,64,,8,128,,1,0,,,,gcc.trace.txt
16,2,32,0.5666,4,512,0.3493,2,1,,0,,gcc.trace.txt
16,8,8,,1,256,,0,0,,,,gcc.trace.txt
16,8,16,,2,0,,0,1,,,,gcc.trace.txt
32,2,8,,1,512,,1,1,,,,gcc.trace.txt
16,4,64,0.4645,4,256,0.5669,1,2,,0,,gcc.trace.txt
16,1,32768,0.0591,4,262144,0.7969,0,0,,0,,gcc.trace.txt
16,2,8,,4,128,,1,0,,,,gcc.trace.txt
32,2,16,,8,256,,2,1,,,,gcc.trace.txt
16,4,8,,8,0,,2,0,,,,gcc.trace.txt
32,1,8,,1,256,,0,0,,,,gcc.trace.txt
32,2,64,0.5039,1,128,0.8132,0,0,,0,,gcc.trace.txt
32,8,16,,1,0,,2,1,,,,gcc.trace.txt
16,8,8,,8,512,,0,1,,,,gcc.trace.txt
16,1,8,,2,128,,2,2,,,,gcc.trace.txt
32,8,32,,1,0,,2,2,,,,gcc.trace.txt
16,4,16,,8,512,,2,1,,,,gcc.trace.txt
32,8,16,,1,256,,2,2,,,,gcc.trace.txt
32,8,8,,8,512,,1,2,,,,gcc.trace.txt
32,4,8192,0.0425,0,0,0.0,0,0,,0,,gcc.trace.txt
16,8,32,,2,512,,0,0,,,,gcc.trace.txt
16,4,64,,1,0,,1,0,,,,gcc.trace.txt
16,2,8,,1,512,,0,2,,,,gcc.trace.txt
32,1,64,0.5338,2,512,0.4129,2,0,,0,,gcc.trace.txt
16,8,4096,0.0727,2,262144,0.6481,0,0,,0,,gcc.trace.txt
16,2,64,0.4721,1,512,0.5111,0,1,,0,,gcc.trace.txt
32,4,8,,4,256,,0,2,,,,gcc.trace.txt
16,1,64,0.4967,1,256,0.6092,1,0,,0,,gcc.trace.txt
16,8,16,,2,512,,1,2,,,,gcc.trace.txt
16,8,4096,0.0727,8,131072,0.6478,0,0,,0,,gcc.trace.txt
16,2,64,,4,0,,1,1,,,,gcc.trace.txt
32,4,8,,2,512,,2,1,,,,gcc.trace.txt
16,1,64,0.4967,2,128,0.745,2,1,,0,,gcc.trace.txt
16,8,64,,8,512,,0,2,,,,gcc.trace.txt
16,1,16,,4,0,,2,0,,,,gcc.trace.txt
32,1,32,,8,0,,2,1,,,,gcc.trace.txt
32,4,16,,8,128,,2,0,,,,gcc.trace.txt
16,4,8,,4,256,,1,1,,,,gcc.trace.txt
16,1,64,,2,0,,0,1,,,,gcc.trace.txt
32,8,32,,2,128,,0,1,,,,gcc.trace.txt
32,1,16,,8,0,,2,2,,,,gcc.trace.txt
32,1,32,0.6165,8,512,0.3103,2,2,,0,,gcc.trace.txt
16,1,16,0.6836,4,256,0.3842,2,2,,0,,gcc.trace.txt
16,1,16384,0.0672,2,262144,0.702,0,0,,0,,gcc.trace.txt
32,1,64,,1,0,,2,1,,,,gcc.trace.txt
32,4,8,,8,128,,1,1,,,,gcc.trace.txt
16,2,16,,2,256,,1,0,,,,gcc.trace.txt
16,1,16384,0.0672,8,131072,0.7017,0,0,,0,,gcc.trace.txt
32,4,8,,8,0,,1,0,,,,gcc.trace.txt
16,1,16,0.6836,2,512,0.3104,0,1,,0,,gcc.trace.txt
16,8,16,,8,128,,2,2,,,,gcc.trace.txt
32,2,16,,1,0,,1,0,,,,gcc.trace.txt
16,1,64,0.4967,8,512,0.3915,1,1,,0,,gcc.trace.txt
16,4,8,,8,128,,0,2,,,,gcc.trace.txt
32,2,32,,4,128,,2,0,,,,gcc.trace.txt
16,2,64,0.4721,8,256,0.5456,0,0,,0,,gcc.trace.txt
32,1,32,0.6165,2,128,0.6706,1,2,,0,,gcc.trace.txt
16,2,16,,1,128,,2,1,,,,gcc.trace.txt
32,4,32768,0.0264,0,0,0.0,0,0,,0,,gcc.trace.txt
32,4,16,,2,512,,1,0,,,,gcc.trace.txt
32,8,8,,2,0,,0,2,,,,gcc.trace.txt
32,8,8,,4,256,,0,0,,,,gcc.trace.txt
32,1,64,0.5338,8,512,0.3585,1,1,,0,,gcc.trace.txt
32,4,32,,1,0,,0,1,,,,gcc.trace.txt
32,4,16,,1,0,,0,2,,,,gcc.trace.txt
16,2,32,0.5666,4,128,0.6179,2,0,,0,,gcc.trace.txt
64,4,16384,0.0204,4,524288,0.71,0,0,,0,,gcc.trace.txt
32,1,8,,8,128,,0,0,,,,gcc.trace.txt
16,1,32,0.5884,2,128,0.6289,1,2,,0,,gcc.trace.txt
32,2,16,,1,128,,2,1,,,,gcc.trace.txt
16,4,16,,2,512,,1,0,,,,gcc.trace.txt
64,2,32768,0.0183,4,262144,0.793,0,0,,0,,gcc.trace.txt
16,4,64,0.4645,8,512,0.418,0,0,,0,,gcc.trace.txt
32,2,8192,0.0473,8,16384,0.5714,0,0,/Users/kaylaradu/GitHubRepos/GitNCSU/ECE492-MicroArch/traces/gcc_trace.txt,0,graph3_l2,gcc.trace.txt
32,1,16,,4,256,,2,2,,,,gcc.trace.txt
32,2,8,,8,0,,0,2,,,,gcc.trace.txt
32,2,16,,2,256,,1,0,,,,gcc.trace.txt
16,4,8,,2,0,,1,1,,,,gcc.trace.txt
32,1,16,,2,512,,0,1,,,,gcc.trace.txt
32,8,16,,8,128,,2,2,,,,gcc.trace.txt
32,2,8,,4,512,,0,2,,,,gcc.trace.txt
32,1,64,0.5338,2,128,0.7745,2,1,,0,,gcc.trace.txt
16,4,64,0.4645,1,256,0.6257,0,1,,0,,gcc.trace.txt
32,2,8,,2,256,,2,1,,,,gcc.trace.txt
16,4,16,,8,128,,2,0,,,,gcc.trace.txt
32,8,16384,0.0277,4,131072,0.9308,0,0,,0,,gcc.trace.txt
16,8,32,,2,128,,0,1,,,,gcc.trace.txt
16,1,32,0.5884,8,512,0.3305,2,2,,0,,gcc.trace.txt
16,8,8,,8,128,,0,0,,,,gcc.trace.txt
16,4,16,,2,0,,2,2,,,,gcc.trace.txt
16,4,32,,2,0,,2,1,,,,gcc.trace.txt
32,1,64,0.5338,1,256,0.6249,1,0,,0,,gcc.trace.txt
32,8,16,,2,512,,1,2,,,,gcc.trace.txt
32,2,8,,1,128,,1,0,,,,gcc.trace.txt
16,1,8,,4,256,,0,0,,,,gcc.trace.txt
16,2,8,,4,512,,1,1,,,,gcc.trace.txt
32,1,16,,8,128,,2,1,,,,gcc.trace.txt
16,1,8,,4,256,,1,0,,,,gcc.trace.txt
32,8,16,,2,512,,0,2,,,,gcc.trace.txt
32,2,8,,1,128,,0,0,,,,gcc.trace.txt
16,2,8,,4,512,,0,1,,,,gcc.trace.txt
16,8,32,,1,256,,2,0,,,,gcc.trace.txt
16,8,8,,8,128,,1,0,,,,gcc.trace.txt
32,8,16,,4,256,,2,1,,,,gcc.trace.txt
32,1,8,,1,0,,2,0,,,,gcc.trace.txt
32,1,64,0.5338,1,256,0.6249,0,0,,0,,gcc.trace.txt
16,4,64,0.4645,2,128,0.7709,2,0,,0,,gcc.trace.txt
16,2,8,,2,256,,2,2,,,,gcc.trace.txt
32,8,16,,4,0,,2,2,,,,gcc.trace.txt
32,1,8,,2,512,,2,0,,,,gcc.trace.txt
32,8,32,,4,0,,2,1,,,,gcc.trace.txt
16,8,32,,2,128,,1,1,,,,gcc.trace.txt
16,8,16,,8,0,,2,0,,,,gcc.trace.txt
32,2,8,,4,512,,1,2,,,,gcc.trace.txt
16,4,64,0.4645,1,256,0.6257,1,1,,0,,gcc.trace.txt
16,4,8,,2,0,,0,1,,,,gcc.trace.txt
32,2,16,,2,256,,0,0,,,,gcc.trace.txt
32,2,8,,8,0,,1,2,,,,gcc.trace.txt
16,2,32,0.5666,1,512,0.4294,2,2,,0,,gcc.trace.txt
32,1,16,,2,512,,1,1,,,,gcc.trace.txt
16,4,1024,0.1473,0,0,0.0,0,0,,0,,gcc.trace.txt
16,4,64,0.4645,8,512,0.418,1,0,,0,,gcc.trace.txt
16,8,8,,2,512,,2,0,,,,gcc.trace.txt
16,8,32,,8,512,,2,1,,,,gcc.trace.txt
32,4,32,,1,256,,2,2,,,,gcc.trace.txt
32,1,8,,8,128,,1,0,,,,gcc.trace.txt
16,1,32,0.5884,2,128,0.6289,0,2,,0,,gcc.trace.txt
64,1,16384,0.0393,4,262144,0.3694,0,0,,0,,gcc.trace.txt
16,4,16,,2,512,,0,0,,,,gcc.trace.txt
32,4,32,,1,0,,1,1,,,,gcc.trace.txt
32,1,64,0.5338,8,512,0.3585,0,1,,0,,gcc.trace.txt
32,8,8,,4,256,,1,0,,,,gcc.trace.txt
32,4,16,,1,0,,1,2,,,,gcc.trace.txt
16,4,32,,1,256,,2,2,,,,gcc.trace.txt
32,8,32,,8,512,,2,1,,,,gcc.trace.txt
32,1,32,0.6165,2,128,0.6706,0,2,,0,,gcc.trace.txt
32,4,16,,2,512,,0,0,,,,gcc.trace.txt
32,8,8,,2,0,,1,2,,,,gcc.trace.txt
16,1,64,0.4967,8,512,0.3915,0,1,,0,,gcc.trace.txt
16,8,64,,2,128,,2,2,,,,gcc.trace.txt
32,2,16,,1,0,,0,0,,,,gcc.trace.txt
16,2,64,0.4721,8,256,0.5456,1,0,,0,,gcc.trace.txt
16,4,8,,8,128,,1,2,,,,gcc.trace.txt
16,2,16,,2,256,,0,0,,,,gcc.trace.txt
32,4,8,,8,128,,0,1,,,,gcc.trace.txt
32,2,32,,1,512,,2,2,,,,gcc.trace.txt
16,4,16384,0.0482,2,524288,0.9772,0,0,,0,,gcc.trace.txt
16,1,16,0.6836,2,512,0.3104,1,1,,0,,gcc.trace.txt
32,4,8,,8,0,,0,0,,,,gcc.trace.txt
16,2,32768,0.0495,8,131072,0.9515,0,0,,0,,gcc.trace.txt
32,4,1024,0.1427,0,0,0.0,0,0,,0,,gcc.trace.txt
16,2,32768,0.0495,2,262144,0.9522,0,0,,0,,gcc.trace.txt
16,4,8,,4,256,,0,1,,,,gcc.trace.txt
32,8,32,,2,128,,1,1,,,,gcc.trace.txt
16,1,64,,2,0,,1,1,,,,gcc.trace.txt
16,4,8,,2,512,,2,2,,,,gcc.trace.txt
16,8,64,,8,512,,1,2,,,,gcc.trace.txt
16,1,16,0.6836,8,128,0.5052,2,1,,0,,gcc.trace.txt
16,8,16,,2,512,,0,2,,,,gcc.trace.txt
16,2,64,,4,0,,0,1,,,,gcc.trace.txt
32,8,32,,1,256,,2,0,,,,gcc.trace.txt
16,2,64,0.4721,1,512,0.5111,1,1,,0,,gcc.trace.txt
32,8,4096,0.0537,8,524288,0.4813,0,0,,0,,gcc.trace.txt
16,8,16,,4,256,,2,1,,,,gcc.trace.txt
16,1,64,0.4967,1,256,0.6092,0,0,,0,,gcc.trace.txt
16,2,16,,2,0,,2,0,,,,gcc.trace.txt
32,4,8,,4,256,,1,2,,,,gcc.trace.txt
32,2,64,0.5039,2,256,0.6074,2,1,,0,,gcc.trace.txt
16,4,64,,1,0,,0,0,,,,gcc.trace.txt
16,2,8,,1,512,,1,2,,,,gcc.trace.txt
16,8,8,,2,0,,2,2,,,,gcc.trace.txt
32,8,8,,8,512,,0,2,,,,gcc.trace.txt
16,8,32,,2,512,,1,0,,,,gcc.trace.txt
32,1,8,,2,128,,2,1,,,,gcc.trace.txt
16,8,8,,8,512,,1,1,,,,gcc.trace.txt
32,2,64,0.5039,1,128,0.8132,1,0,,0,,gcc.trace.txt
16,4,32768,0.0475,4,524288,0.9914,0,0,,0,,gcc.trace.txt
32,8,8192,0.0395,4,262144,0.653,0,0,,0,,gcc.trace.txt
16,4,64,0.4645,2,512,0.456,2,1,,0,,gcc.trace.txt
32,2,8,,1,512,,0,1,,,,gcc.trace.txt
32,1,16,,8,512,,2,0,,,,gcc.trace.txt
32,1,8,,1,256,,1,0,,,,gcc.trace.txt
16,2,16384,0.0525,4,262144,0.8972,0,0,,0,,gcc.trace.txt
32,4,32,,8,128,,2,2,,,,gcc.trace.txt
16,2,8,,4,128,,0,0,,,,gcc.trace.txt
16,4,64,0.4645,4,256,0.5669,0,2,,0,,gcc.trace.txt
16,1,32,0.5884,4,256,0.4465,2,0,,0,,gcc.trace.txt
32,1,64,,8,128,,0,0,,,,gcc.trace.txt
16,8,32,,2,0,,1,2,,,,gcc.trace.txt
16,8,16,,2,0,,1,1,,,,gcc.trace.txt
16,8,8,,1,256,,1,0,,,,gcc.trace.txt
32,1,8,,8,512,,1,1,,,,gcc.trace.txt
16,8,32,,8,128,,2,0,,,,gcc.trace.txt
16,4,16,,2,128,,0,1,,,,gcc.trace.txt
32,2,8,,8,256,,0,0,,,,gcc.trace.txt
16,2,32,0.5666,2,256,0.5002,1,2,,0,,gcc.trace.txt
32,1,16,,1,256,,2,1,,,,gcc.trace.txt
16,4,64,0.4645,8,128,0.7483,1,1,,0,,gcc.trace.txt
16,4,32,,8,0,,0,0,,,,gcc.trace.txt
32,8,2048,0.0907,8,524288,0.2847,0,0,,0,,gcc.trace.txt
32,2,16,,4,128,,2,2,,,,gcc.trace.txt
16,8,8,,2,128,,2,1,,,,gcc.trace.txt
16,1,8,,8,512,,0,2,,,,gcc.trace.txt
32,4,32,,4,0,,0,2,,,,gcc.trace.txt
32,4,32,,2,512,,1,2,,,,gcc.trace.txt
32,4,16,,4,0,,0,1,,,,gcc.trace.txt
32,1,16,,2,128,,1,0,,,,gcc.trace.txt
16,2,16,,8,0,,1,1,,,,gcc.trace.txt
32,8,1024,0.1363,8,262144,0.1895,0,0,,0,,gcc.trace.txt
16,2,16,,4,128,,2,2,,,,gcc.trace.txt
16,2,32,,8,0,,1,2,,,,gcc.trace.txt
16,1,8,,1,0,,1,0,,,,gcc.trace.txt
32,8,1024,0.1363,2,131072,0.1901,0,0,,0,,gcc.trace.txt
32,4,8,,8,512,,0,0,,,,gcc.trace.txt
16,4,32,,2,512,,1,2,,,,gcc.trace.txt
32,2,32,,4,0,,1,0,,,,gcc.trace.txt
16,1,1024,1.0,0,0,0.0,4,3,/Users/kaylaradu/GitHubRepos/GitNCSU/ECE492-MicroArch/traces/stream_trace.txt,0,stream_prefetch_buffers,stream.trace.txt
16,1,16,0.6836,2,128,0.5413,1,0,,0,,gcc.trace.txt
32,1,32,0.6165,4,256,0.4631,2,0,,0,,gcc.trace.txt
32,1,64,,4,0,,2,2,,,,gcc.trace.txt
16,1,64,0.4967,8,128,0.6851,0,0,,0,,gcc.trace.txt
32,8,32,,8,128,,2,0,,,,gcc.trace.txt
16,1,64,,8,0,,2,0,,,,gcc.trace.txt
16,8,64,,4,256,,0,0,,,,gcc.trace.txt
32,2,32,,2,256,,1,2,,,,gcc.trace.txt
32,4,16,,2,128,,0,1,,,,gcc.trace.txt
16,1,16,0.6836,1,256,0.4426,2,1,,0,,gcc.trace.txt
32,1,32,,2,0,,0,0,,,,gcc.trace.txt
32,2,131072,0.0259,0,0,0.0,0,0,/Users/kaylaradu/GitHubRepos/GitNCSU/ECE492-MicroArch/traces/gcc_trace.txt,0,graph1_size_assoc,gcc.trace.txt
16,4,8,,1,256,,1,2,,,,gcc.trace.txt
16,2,64,0.4721,1,128,0.7915,1,0,,0,,gcc.trace.txt
16,1,32,,1,0,,2,0,,,,gcc.trace.txt
16,2,8,,8,0,,2,2,,,,gcc.trace.txt
16,1,16,0.6836,8,512,0.2845,2,0,,0,,gcc.trace.txt
16,4,32,,8,128,,2,2,,,,gcc.trace.txt
16,4,1024,0.1473,0,0,0.0,0,0,/Users/kaylaradu/GitHubRepos/GitNCSU/ECE492-MicroArch/traces/gcc_trace.txt,0,graph4_blocksize,gcc.trace.txt
16,2,64,0.4721,2,256,0.5958,2,1,,0,,gcc.trace.txt
64,1,32768,0.0298,2,262144,0.4884,0,0,,0,,gcc.trace.txt
16,2,64,,1,0,,1,2,,,,gcc.trace.txt
16,2,64,0.4721,4,512,0.4183,0,2,,0,,gcc.trace.txt
32,4,8,,1,256,,0,1,,,,gcc.trace.txt
32,8,32,,2,512,,1,0,,,,gcc.trace.txt
64,1,32768,0.0298,8,131072,0.4877,0,0,,0,,gcc.trace.txt
16,1,64,0.4967,2,512,0.4272,1,0,,0,,gcc.trace.txt
16,2,64,0.4721,2,256,0.5958,0,1,,0,,gcc.trace.txt
32,4,8,,1,256,,2,1,,,,gcc.trace.txt
32,4,16,,8,512,,1,1,,,,gcc.trace.txt
16,8,16,,1,256,,1,2,,,,gcc.trace.txt
16,2,64,0.4721,4,512,0.4183,2,2,,0,,gcc.trace.txt
64,8,4096,0.0599,4,262144,0.2424,0,0,,0,,gcc.trace.txt
32,4,1024,0.1427,8,16384,0.1941,0,0,,0,,gcc.trace.txt
16,1,16384,0.0672,8,524288,0.7017,0,0,,0,,gcc.trace.txt
16,2,16,,8,256,,1,1,,,,gcc.trace.txt
32,4,8,,2,128,,1,0,,,,gcc.trace.txt
16,4,32,,8,128,,0,2,,,,gcc.trace.txt
32,4,8,,2,0,,1,1,,,,gcc.trace.txt
16,1,16,0.6836,8,512,0.2845,0,0,,0,,gcc.trace.txt
16,2,8,,8,0,,0,2,,,,gcc.trace.txt
16,1,32,,1,0,,0,0,,,,gcc.trace.txt
32,2,32,,4,512,,1,1,,,,gcc.trace.txt
16,1,64,0.4967,8,128,0.6851,2,0,,0,,gcc.trace.txt
32,8,8192,0.0395,8,16384,0.6697,0,0,/Users/kaylaradu/GitHubRepos/GitNCSU/ECE492-MicroArch/traces/gcc_trace.txt,0,graph3_l2,gcc.trace.txt
32,1,64,,4,0,,0,2,,,,gcc.trace.txt
32,1,32,0.6165,4,256,0.4631,0,0,,0,,gcc.trace.txt
32,4,8192,0.0425,8,16384,0.6461,0,0,,0,,gcc.trace.txt
32,1,32,,2,0,,2,0,,,,gcc.trace.txt
16,1,16,0.6836,1,256,0.4426,0,1,,0,,gcc.trace.txt
32,4,16,,2,128,,2,1,,,,gcc.trace.txt
16,8,64,,4,256,,2,0,,,,gcc.trace.txt
16,1,64,,8,0,,0,0,,,,gcc.trace.txt
32,8,32,,8,128,,0,0,,,,gcc.trace.txt
16,2,16,,1,512,,1,0,,,,gcc.trace.txt
16,2,16,,4,128,,0,2,,,,gcc.trace.txt
16,4,32,,4,256,,1,1,,,,gcc.trace.txt
32,2,64,,2,0,,1,2,,,,gcc.trace.txt
32,4,16,,1,256,,1,0,,,,gcc.trace.txt
32,4,8,,8,512,,2,0,,,,gcc.trace.txt
16,8,4096,0.0727,8,524288,0.6478,0,0,,0,,gcc.trace.txt
16,1,8,,8,512,,2,2,,,,gcc.trace.txt
16,8,8,,2,128,,0,1,,,,gcc.trace.txt
32,4,32,,4,256,,1,1,,,,gcc.trace.txt
32,2,16,,4,128,,0,2,,,,gcc.trace.txt
16,4,32,,8,0,,2,0,,,,gcc.trace.txt
16,4,16,,1,256,,1,0,,,,gcc.trace.txt
32,4,16,,4,0,,2,1,,,,gcc.trace.txt
32,4,32,,4,0,,2,2,,,,gcc.trace.txt
16,2,32,0.5666,4,512,0.3493,1,1,,0,,gcc.trace.txt
32,1,64,,8,128,,2,0,,,,gcc.trace.txt
16,1,32,0.5884,4,256,0.4465,0,0,,0,,gcc.trace.txt
16,8,64,,4,0,,1,0,,,,gcc.trace.txt
32,1,16,,1,256,,0,1,,,,gcc.trace.txt
16,4,16,,2,128,,2,1,,,,gcc.trace.txt
32,2,8,,8,256,,2,0,,,,gcc.trace.txt
32,8,262144,0.0258,0,0,0.0,0,0,/Users/kaylaradu/GitHubRepos/GitNCSU/ECE492-MicroArch/traces/gcc_trace.txt,0,graph1_size_assoc,gcc.trace.txt
32,8,16384,0.0277,4,524288,0.9308,0,0,,0,,gcc.trace.txt
32,8,8,,2,128,,1,2,,,,gcc.trace.txt
16,8,32,,8,128,,0,0,,,,gcc.trace.txt
32,2,16,,1,512,,1,0,,,,gcc.trace.txt
16,4,64,0.4645,2,512,0.456,0,1,,0,,gcc.trace.txt
32,8,32,,1,0,,1,2,,,,gcc.trace.txt
32,8,16,,1,0,,1,1,,,,gcc.trace.txt
16,1,8,,2,128,,1,2,,,,gcc.trace.txt
16,4,64,0.4645,4,256,0.5669,2,2,,0,,gcc.trace.txt
32,4,32,,8,128,,0,2,,,,gcc.trace.txt
32,2,16,,8,256,,1,1,,,,gcc.trace.txt
16,2,8,,4,128,,2,0,,,,gcc.trace.txt
16,4,8,,8,0,,1,0,,,,gcc.trace.txt
32,1,16,,8,512,,0,0,,,,gcc.trace.txt
32,2,8,,1,512,,2,1,,,,gcc.trace.txt
64,4,16384,0.0204,4,131072,0.71,0,0,,0,,gcc.trace.txt
32,1,64,0.5338,2,512,0.4129,1,0,,0,,gcc.trace.txt
16,4,64,,1,0,,2,0,,,,gcc.trace.txt
32,2,64,0.5039,2,256,0.6074,0,1,,0,,gcc.trace.txt
32,1,8,,2,128,,0,1,,,,gcc.trace.txt
32,8,8,,8,512,,2,2,,,,gcc.trace.txt
16,8,8,,2,0,,0,2,,,,gcc.trace.txt
32,8,16,,1,256,,1,2,,,,gcc.trace.txt
16,4,16,,8,512,,1,1,,,,gcc.trace.txt
16,2,64,,4,0,,2,1,,,,gcc.trace.txt
32,4,8,,2,512,,1,1,,,,gcc.trace.txt
32,8,32,,1,256,,0,0,,,,gcc.trace.txt
16,8,16,,2,512,,2,2,,,,gcc.trace.txt
16,1,16,0.6836,8,128,0.5052,0,1,,0,,gcc.trace.txt
16,8,1024,0.1401,8,262144,0.3365,0,0,,0,,gcc.trace.txt
16,2,16,,2,0,,0,0,,,,gcc.trace.txt
16,1,64,0.4967,1,256,0.6092,2,0,,0,,gcc.trace.txt
16,8,16,,4,256,,0,1,,,,gcc.trace.txt
16,8,1024,0.1401,2,131072,0.3369,0,0,,0,,gcc.trace.txt
32,1,16,,8,0,,1,2,,,,gcc.trace.txt
32,1,32,0.6165,8,512,0.3103,1,2,,0,,gcc.trace.txt
32,1,32,,8,0,,1,1,,,,gcc.trace.txt
16,4,8,,4,256,,2,1,,,,gcc.trace.txt
32,4,16,,8,128,,1,0,,,,gcc.trace.txt
16,1,64,0.4967,2,128,0.745,1,1,,0,,gcc.trace.txt
16,1,16,,4,0,,1,0,,,,gcc.trace.txt
32,8,32768,0.0262,2,524288,0.9836,0,0,,0,,gcc.trace.txt
16,4,8,,2,512,,0,2,,,,gcc.trace.txt
32,4,8,,8,0,,2,0,,,,gcc.trace.txt
32,2,32,,1,512,,0,2,,,,gcc.trace.txt
16,8,16,,8,128,,1,2,,,,gcc.trace.txt
32,1,64,,1,0,,1,1,,,,gcc.trace.txt
16,2,16,,2,256,,2,0,,,,gcc.trace.txt
32,4,8,,8,128,,2,1,,,,gcc.trace.txt
64,8,1024,0.1473,4,524288,0.0986,0,0,,0,,gcc.trace.txt
16,1,16,0.6836,4,256,0.3842,1,2,,0,,gcc.trace.txt
64,4,32768,0.0156,2,131072,0.9365,0,0,,0,,gcc.trace.txt
32,4,16,,2,512,,2,0,,,,gcc.trace.txt
64,2,16384,0.026,8,524288,0.5585,0,0,,0,,gcc.trace.txt
32,1,32,0.6165,2,128,0.6706,2,2,,0,,gcc.trace.txt
16,2,2048,0.1183,0,0,0.0,0,0,,0,,gcc.trace.txt
16,4,32,,1,256,,0,2,,,,gcc.trace.txt
32,8,32,,8,512,,0,1,,,,gcc.trace.txt
16,2,16,,1,128,,1,1,,,,gcc.trace.txt
32,2,32,,4,128,,1,0,,,,gcc.trace.txt
64,4,32768,0.0156,8,262144,0.932,0,0,,0,,gcc.trace.txt
32,2,16,,1,0,,2,0,,,,gcc.trace.txt
16,8,64,,2,128,,0,2,,,,gcc.trace.txt
16,1,64,0.4967,8,512,0.3915,2,1,,0,,gcc.trace.txt
16,4,16,,2,512,,2,0,,,,gcc.trace.txt
16,1,32,0.5884,2,128,0.6289,2,2,,0,,gcc.trace.txt
32,2,2048,0.1071,0,0,0.0,0,0,,0,,gcc.trace.txt
16,8,32,,8,512,,0,1,,,,gcc.trace.txt
32,2,16,,1,128,,1,1,,,,gcc.trace.txt
32,4,32,,1,256,,0,2,,,,gcc.trace.txt
16,2,32,0.5666,4,128,0.6179,1,0,,0,,gcc.trace.txt
32,1,64,0.5338,8,512,0.3585,2,1,,0,,gcc.trace.txt
16,8,8192,0.0587,4,262144,0.8028,0,0,,0,,gcc.trace.txt
16,2,32,0.5666,1,512,0.4294,0,2,,0,,gcc.trace.txt
32,8,16,,8,128,,1,2,,,,gcc.trace.txt
32,2,16,,2,256,,2,0,,,,gcc.trace.txt
16,4,8,,2,0,,2,1,,,,gcc.trace.txt
64,8,2048,0.0996,4,262144,0.1458,0,0,,0,,gcc.trace.txt
16,8,8,,2,512,,0,0,,,,gcc.trace.txt
32,8,8192,0.0395,0,0,0.0,0,0,/Users/kaylaradu/GitHubRepos/GitNCSU/ECE492-MicroArch/traces/gcc_trace.txt,0,graph1_size_assoc,gcc.trace.txt
32,1,16,,4,256,,1,2,,,,gcc.trace.txt
32,8,32,,4,0,,0,1,,,,gcc.trace.txt
32,1,8,,2,512,,0,0,,,,gcc.trace.txt
16,1,32,0.5884,8,512,0.3305,1,2,,0,,gcc.trace.txt
32,8,16,,4,0,,0,2,,,,gcc.trace.txt
16,4,16,,8,128,,1,0,,,,gcc.trace.txt
32,2,8,,2,256,,1,1,,,,gcc.trace.txt
32,1,64,0.5338,2,128,0.7745,1,1,,0,,gcc.trace.txt
16,8,32768,0.0475,0,0,0.0,0,0,,0,,gcc.trace.txt
16,8,16,,8,0,,0,0,,,,gcc.trace.txt
16,8,32,,1,256,,0,0,,,,gcc.trace.txt
16,2,8,,4,512,,2,1,,,,gcc.trace.txt
32,2,8,,1,128,,2,0,,,,gcc.trace.txt
32,8,16,,2,512,,2,2,,,,gcc.trace.txt
32,1,16,,8,128,,0,1,,,,gcc.trace.txt
16,8,2048,0.0969,8,524288,0.4866,0,0,,0,,gcc.trace.txt
16,2,8,,2,256,,0,2,,,,gcc.trace.txt
16,4,32,,2,0,,1,1,,,,gcc.trace.txt
16,4,64,0.4645,2,128,0.7709,0,0,,0,,gcc.trace.txt
32,1,8,,1,0,,0,0,,,,gcc.trace.txt
32,1,64,0.5338,1,256,0.6249,2,0,,0,,gcc.trace.txt
32,8,16,,4,256,,0,1,,,,gcc.trace.txt
16,4,16,,2,0,,1,2,,,,gcc.trace.txt
64,8,8192,0.0316,8,524288,0.4593,0,0,,0,,gcc.trace.txt
32,1,8,,1,0,,1,0,,,,gcc.trace.txt
16,4,64,0.4645,2,128,0.7709,1,0,,0,,gcc.trace.txt
16,4,32,,2,0,,0,1,,,,gcc.trace.txt
16,2,8,,2,256,,1,2,,,,gcc.trace.txt
32,8,2048,0.0907,8,131072,0.2847,0,0,,0,,gcc.trace.txt
16,4,16,,2,0,,0,2,,,,gcc.trace.txt
32,8,16,,4,256,,1,1,,,,gcc.trace.txt
16,8,8,,8,128,,2,0,,,,gcc.trace.txt
16,8,32,,1,256,,1,0,,,,gcc.trace.txt
16,1,8,,4,256,,2,0,,,,gcc.trace.txt
32,1,16,,8,128,,1,1,,,,gcc.trace.txt
32,8,2048,0.0907,2,262144,0.2849,0,0,,0,,gcc.trace.txt
16,4,64,0.4645,1,256,0.6257,2,1,,0,,gcc.trace.txt
32,1,64,0.5338,2,128,0.7745,0,1,,0,,gcc.trace.txt
16,8,16,,8,0,,1,0,,,,gcc.trace.txt
32,2,8,,4,512,,2,2,,,,gcc.trace.txt
32,1,8,,2,512,,1,0,,,,gcc.trace.txt
16,1,32,0.5884,8,512,0.3305,0,2,,0,,gcc.trace.txt
32,8,32,,4,0,,1,1,,,,gcc.trace.txt
16,8,32,,2,128,,2,1,,,,gcc.trace.txt
32,2,8,,2,256,,0,1,,,,gcc.trace.txt
16,4,16,,8,128,,0,0,,,,gcc.trace.txt
32,8,16,,4,0,,1,2,,,,gcc.trace.txt
32,1,16,,4,256,,0,2,,,,gcc.trace.txt
16,8,8,,2,512,,1,0,,,,gcc.trace.txt
16,4,32768,0.0475,4,131072,0.9914,0,0,,0,,gcc.trace.txt
16,4,64,0.4645,8,512,0.418,2,0,,0,,gcc.trace.txt
32,8,16,,8,128,,0,2,,,,gcc.trace.txt
16,2,32,0.5666,1,512,0.4294,1,2,,0,,gcc.trace.txt
32,1,16,,2,512,,2,1,,,,gcc.trace.txt
32,2,8,,8,0,,2,2,,,,gcc.trace.txt
16,2,4096,0.0875,0,0,0.0,0,0,,0,,gcc.trace.txt
16,2,32,0.5666,4,128,0.6179,0,0,,0,,gcc.trace.txt
32,4,16,,1,0,,2,2,,,,gcc.trace.txt
32,4,32,,1,0,,2,1,,,,gcc.trace.txt
32,8,8,,4,256,,2,0,,,,gcc.trace.txt
32,4,16384,0.0283,0,0,0.0,0,0,/Users/kaylaradu/GitHubRepos/GitNCSU/ECE492-MicroArch/traces/gcc_trace.txt,0,graph1_size_assoc,gcc.trace.txt
32,4,32,,1,256,,1,2,,,,gcc.trace.txt
32,2,16,,1,128,,0,1,,,,gcc.trace.txt
16,8,32,,8,512,,1,1,,,,gcc.trace.txt
32,1,8,,8,128,,2,0,,,,gcc.trace.txt
16,2,64,0.4721,8,256,0.5456,2,0,,0,,gcc.trace.txt
32,2,4096,0.0753,0,0,0.0,0,0,,0,,gcc.trace.txt
16,4,8,,8,128,,2,2,,,,gcc.trace.txt
32,2,32,,4,128,,0,0,,,,gcc.trace.txt
16,8,64,,2,128,,1,2,,,,gcc.trace.txt
64,1,32768,0.0298,8,524288,0.4877,0,0,,0,,gcc.trace.txt
32,8,8,,2,0,,2,2,,,,gcc.trace.txt
16,2,16,,1,128,,0,1,,,,gcc.trace.txt
32,8,32,,8,512,,1,1,,,,gcc.trace.txt
16,4,32,,1,256,,1,2,,,,gcc.trace.txt
16,1,16,0.6836,4,256,0.3842,0,2,,0,,gcc.trace.txt
16,8,16,,8,128,,0,2,,,,gcc.trace.txt
32,2,32,,1,512,,1,2,,,,gcc.trace.txt
16,1,16,0.6836,2,512,0.3104,2,1,,0,,gcc.trace.txt
32,1,64,,1,0,,0,1,,,,gcc.trace.txt
16,1,16,,4,0,,0,0,,,,gcc.trace.txt
16,8,64,,8,512,,2,2,,,,gcc.trace.txt
16,1,64,0.4967,2,128,0.745,0,1,,0,,gcc.trace.txt
16,4,8,,2,512,,1,2,,,,gcc.trace.txt
32,1,32,0.6165,8,512,0.3103,0,2,,0,,gcc.trace.txt
32,1,16,,8,0,,0,2,,,,gcc.trace.txt
32,8,32,,2,128,,2,1,,,,gcc.trace.txt
16,1,64,,2,0,,2,1,,,,gcc.trace.txt
32,4,16,,8,128,,0,0,,,,gcc.trace.txt
32,1,32,,8,0,,0,1,,,,gcc.trace.txt
16,2,16,,2,0,,1,0,,,,gcc.trace.txt
128,4,2048,0.1334,0,0,0.0,0,0,/Users/kaylaradu/GitHubRepos/GitNCSU/ECE492-MicroArch/traces/gcc_trace.txt,0,graph4_blocksize,gcc.trace.txt
32,4,8,,4,256,,2,2,,,,gcc.trace.txt
16,2,64,0.4721,1,512,0.5111,2,1,,0,,gcc.trace.txt
16,8,16,,4,256,,1,1,,,,gcc.trace.txt
32,8,32,,1,256,,1,0,,,,gcc.trace.txt
32,4,8,,2,512,,0,1,,,,gcc.trace.txt
16,1,16,0.6836,8,128,0.5052,1,1,,0,,gcc.trace.txt
32,8,1024,0.1363,2,524288,0.1895,0,0,,0,,gcc.trace.txt
16,8,8,,2,0,,1,2,,,,gcc.trace.txt
16,8,32,,2,512,,2,0,,,,gcc.trace.txt
32,1,8,,2,128,,1,1,,,,gcc.trace.txt
16,4,16,,8,512,,0,1,,,,gcc.trace.txt
32,8,16,,1,256,,0,2,,,,gcc.trace.txt
32,1,64,0.5338,2,512,0.4129,0,0,,0,,gcc.trace.txt
16,2,8,,1,512,,2,2,,,,gcc.trace.txt
32,2,64,0.5039,2,256,0.6074,1,1,,0,,gcc.trace.txt
32,1,8,,1,256,,2,0,,,,gcc.trace.txt
16,4,8,,8,0,,0,0,,,,gcc.trace.txt
32,2,16,,8,256,,0,1,,,,gcc.trace.txt
32,4,32,,8,128,,1,2,,,,gcc.trace.txt
32,1,16,,8,512,,1,0,,,,gcc.trace.txt
32,8,32,,1,0,,0,2,,,,gcc.trace.txt
16,4,64,0.4645,2,512,0.456,1,1,,0,,gcc.trace.txt
16,1,8,,2,128,,0,2,,,,gcc.trace.txt
16,8,8,,8,512,,2,1,,,,gcc.trace.txt
32,8,16,,1,0,,0,1,,,,gcc.trace.txt
32,2,64,0.5039,1,128,0.8132,2,0,,0,,gcc.trace.txt
16,2,32,0.5666,2,256,0.5002,2,2,,0,,gcc.trace.txt
32,1,16,,1,256,,1,1,,,,gcc.trace.txt
16,8,64,,4,0,,0,0,,,,gcc.trace.txt
32,1,8,,8,512,,2,1,,,,gcc.trace.txt
32,8,8,,2,128,,0,2,,,,gcc.trace.txt
32,2,16,,1,512,,0,0,,,,gcc.trace.txt
16,8,32,,8,128,,1,0,,,,gcc.trace.txt
16,8,16,,2,0,,2,1,,,,gcc.trace.txt
16,8,8,,1,256,,2,0,,,,gcc.trace.txt
16,2,32,0.5666,4,512,0.3493,0,1,,0,,gcc.trace.txt
16,1,32,0.5884,4,256,0.4465,1,0,,0,,gcc.trace.txt
16,8,32,,2,0,,2,2,,,,gcc.trace.txt
32,1,16,,2,128,,2,0,,,,gcc.trace.txt
16,4,16,,1,256,,0,0,,,,gcc.trace.txt
32,4,32,,2,512,,2,2,,,,gcc.trace.txt
16,8,8,,2,128,,1,1,,,,gcc.trace.txt
16,4,64,0.4645,8,128,0.7483,2,1,,0,,gcc.trace.txt
32,2,16,,4,128,,1,2,,,,gcc.trace.txt
32,4,32,,4,256,,0,1,,,,gcc.trace.txt
32,2,32,,4,0,,2,0,,,,gcc.trace.txt
16,1,16,0.6836,2,128,0.5413,2,0,,0,,gcc.trace.txt
32,4,16,,1,256,,0,0,,,,gcc.trace.txt
32,8,4096,0.0537,2,262144,0.4816,0,0,,0,,gcc.trace.txt
16,4,32,,2,512,,2,2,,,,gcc.trace.txt
16,1,8,,1,0,,2,0,,,,gcc.trace.txt
16,2,32,,8,0,,2,2,,,,gcc.trace.txt
32,2,64,,2,0,,0,2,,,,gcc.trace.txt
16,2,16,,8,0,,2,1,,,,gcc.trace.txt
32,8,4096,0.0537,8,131072,0.4813,0,0,,0,,gcc.trace.txt
16,4,32,,4,256,,0,1,,,,gcc.trace.txt
16,2,16,,4,128,,1,2,,,,gcc.trace.txt
32,2,32,,2,256,,2,2,,,,gcc.trace.txt
16,1,16,0.6836,1,256,0.4426,1,1,,0,,gcc.trace.txt
16,2,16,,1,512,,0,0,,,,gcc.trace.txt
32,8,32,,8,128,,1,0,,,,gcc.trace.txt
16,1,64,,8,0,,1,0,,,,gcc.trace.txt
32,2,32,,4,512,,0,1,,,,gcc.trace.txt
32,1,32,0.6165,4,256,0.4631,1,0,,0,,gcc.trace.txt
32,1,64,,4,0,,1,2,,,,gcc.trace.txt
32,4,8,,2,128,,0,0,,,,gcc.trace.txt
16,4,32,,8,128,,1,2,,,,gcc.trace.txt
16,2,32768,0.0495,8,524288,0.9515,0,0,,0,,gcc.trace.txt
16,2,16,,8,256,,0,1,,,,gcc.trace.txt
16,4,16384,0.0482,2,131072,0.9789,0,0,,0,,gcc.trace.txt
16,2,8,,8,0,,1,2,,,,gcc.trace.txt
16,1,32,,1,0,,1,0,,,,gcc.trace.txt
16,1,16,0.6836,8,512,0.2845,1,0,,0,,gcc.trace.txt
32,4,8,,2,0,,0,1,,,,gcc.trace.txt
16,4,16384,0.0482,8,262144,0.9772,0,0,,0,,gcc.trace.txt
16,4,8,,1,256,,2,2,,,,gcc.trace.txt
16,2,64,0.4721,1,128,0.7915,2,0,,0,,gcc.trace.txt
32,8,32,,2,512,,2,0,,,,gcc.trace.txt
16,8,16,,1,256,,0,2,,,,gcc.trace.txt
32,4,16,,8,512,,0,1,,,,gcc.trace.txt
16,1,64,0.4967,2,512,0.4272,0,0,,0,,gcc.trace.txt
16,2,64,,1,0,,2,2,,,,gcc.trace.txt
16,2,64,0.4721,2,256,0.5958,1,1,,0,,gcc.trace.txt
16,1,64,,2,0,,1,0,,,,gcc.trace.txt
32,8,32,,2,128,,1,0,,,,gcc.trace.txt
16,2,64,0.4721,4,128,0.742,0,2,,0,,gcc.trace.txt
16,4,8,,4,256,,0,0,,,,gcc.trace.txt
32,2,32,,8,256,,2,2,,,,gcc.trace.txt
32,8,4096,0.0537,2,131072,0.4828,0,0,,0,,gcc.trace.txt
16,1,64,0.4967,1,256,0.6092,0,1,,0,,gcc.trace.txt
16,2,16,,2,0,,2,1,,,,gcc.trace.txt
32,2,64,,8,0,,0,2,,,,gcc.trace.txt
16,8,16,,4,256,,2,0,,,,gcc.trace.txt
16,2,32,,2,0,,2,2,,,,gcc.trace.txt
16,2,64,0.4721,1,512,0.5111,1,0,,0,,gcc.trace.txt
32,8,32,,1,256,,2,1,,,,gcc.trace.txt
16,2,64,,4,0,,0,0,,,,gcc.trace.txt
16,4,32,,8,512,,2,2,,,,gcc.trace.txt
32,8,4096,0.0537,8,262144,0.4813,0,0,,0,,gcc.trace.txt
16,1,16,0.6836,8,128,0.5052,2,0,,0,,gcc.trace.txt
32,4,16,,4,256,,2,2,,,,gcc.trace.txt
32,2,2048,0.1071,0,0,0.0,0,0,/Users/kaylaradu/GitHubRepos/GitNCSU/ECE492-MicroArch/traces/gcc_trace.txt,0,graph1_size_assoc,gcc.trace.txt
16,2,64,0.4721,8,256,0.5456,1,1,,0,,gcc.trace.txt
32,2,32,,1,0,,0,2,,,,gcc.trace.txt
32,2,16,,1,0,,0,1,,,,gcc.trace.txt
16,1,64,0.4967,8,512,0.3915,0,0,,0,,gcc.trace.txt
32,4,16,,2,512,,0,1,,,,gcc.trace.txt
16,1,8,,4,0,,0,2,,,,gcc.trace.txt
32,8,32,,8,512,,2,0,,,,gcc.trace.txt
16,8,64,,1,256,,1,2,,,,gcc.trace.txt
16,2,16,,4,512,,2,2,,,,gcc.trace.txt
16,4,16384,0.0482,2,262144,0.9778,0,0,,0,,gcc.trace.txt
32,4,8,,8,0,,0,1,,,,gcc.trace.txt
16,2,8,,2,0,,1,2,,,,gcc.trace.txt
16,1,16,0.6836,2,512,0.3104,1,0,,0,,gcc.trace.txt
16,4,16384,0.0482,8,131072,0.9772,0,0,,0,,gcc.trace.txt
16,4,32,,2,128,,1,2,,,,gcc.trace.txt
16,2,32768,0.0495,2,524288,0.9515,0,0,,0,,gcc.trace.txt
32,4,8,,8,128,,0,0,,,,gcc.trace.txt
16,2,16,,2,256,,0,1,,,,gcc.trace.txt
16,8,64,,1,0,,2,2,,,,gcc.trace.txt
16,1,8,,8,128,,0,2,,,,gcc.trace.txt
16,8,8,,2,512,,2,1,,,,gcc.trace.txt
16,4,64,0.4645,8,512,0.418,1,1,,0,,gcc.trace.txt
32,2,16,,4,512,,2,2,,,,gcc.trace.txt
16,8,8,,4,256,,0,2,,,,gcc.trace.txt
32,1,16,,2,512,,1,0,,,,gcc.trace.txt
16,4,8,,2,0,,0,0,,,,gcc.trace.txt
32,2,16,,2,256,,0,1,,,,gcc.trace.txt
32,4,32,,2,128,,1,2,,,,gcc.trace.txt
16,4,16,,4,256,,2,2,,,,gcc.trace.txt
32,8,8,,4,256,,1,1,,,,gcc.trace.txt
32,1,64,0.5338,8,512,0.3585,0,0,,0,,gcc.trace.txt
32,4,32,,1,0,,1,0,,,,gcc.trace.txt
64,1,16384,0.0393,4,524288,0.3694,0,0,,0,,gcc.trace.txt
16,4,16,,2,512,,0,1,,,,gcc.trace.txt
16,8,32,,8,512,,2,0,,,,gcc.trace.txt
32,1,8,,8,128,,1,1,,,,gcc.trace.txt
16,8,8,,8,0,,1,2,,,,gcc.trace.txt
32,1,64,0.5338,1,256,0.6249,0,1,,0,,gcc.trace.txt
32,1,8,,1,0,,2,1,,,,gcc.trace.txt
16,4,64,0.4645,2,128,0.7709,2,1,,0,,gcc.trace.txt
16,8,8,,8,128,,1,1,,,,gcc.trace.txt
32,8,16,,4,256,,2,0,,,,gcc.trace.txt
32,4,32,,8,512,,2,2,,,,gcc.trace.txt
16,8,32,,1,256,,2,1,,,,gcc.trace.txt
16,2,8,,4,512,,0,0,,,,gcc.trace.txt
32,1,16,,8,128,,2,0,,,,gcc.trace.txt
16,1,8,,4,256,,1,1,,,,gcc.trace.txt
16,4,64,,4,0,,1,2,,,,gcc.trace.txt
32,2,8,,1,128,,0,1,,,,gcc.trace.txt
16,4,64,0.4645,1,256,0.6257,1,0,,0,,gcc.trace.txt
16,8,32,,8,0,,2,2,,,,gcc.trace.txt
16,2,8,,1,128,,1,2,,,,gcc.trace.txt
32,1,8,,4,256,,0,2,,,,gcc.trace.txt
16,8,16,,8,0,,2,1,,,,gcc.trace.txt
32,8,32,,4,0,,2,0,,,,gcc.trace.txt
32,1,8,,2,512,,2,1,,,,gcc.trace.txt
16,8,32,,2,128,,1,0,,,,gcc.trace.txt
32,8,8,,8,128,,0,2,,,,gcc.trace.txt
32,2,64,0.5039,4,128,0.8013,0,2,,0,,gcc.trace.txt
16,2,32,0.5666,8,256,0.4543,2,2,,0,,gcc.trace.txt
16,1,16,,1,0,,2,2,,,,gcc.trace.txt
16,1,32,,1,0,,2,1,,,,gcc.trace.txt
16,8,16,,2,128,,0,2,,,,gcc.trace.txt
16,1,16,0.6836,8,512,0.2845,2,1,,0,,gcc.trace.txt
16,8,4096,0.0727,0,0,0.0,0,0,,0,,gcc.trace.txt
16,2,64,0.4721,1,128,0.7915,1,1,,0,,gcc.trace.txt
32,8,32,,2,512,,1,1,,,,gcc.trace.txt
32,4,8,,1,256,,0,0,,,,gcc.trace.txt
16,1,64,0.4967,4,256,0.5289,1,2,,0,,gcc.trace.txt
32,8,8,,8,0,,2,2,,,,gcc.trace.txt
64,1,32768,0.0298,2,524288,0.4877,0,0,,0,,gcc.trace.txt
16,8,64,,8,128,,1,2,,,,gcc.trace.txt
16,4,8,,2,128,,2,2,,,,gcc.trace.txt
16,2,64,0.4721,2,256,0.5958,2,0,,0,,gcc.trace.txt
16,1,16,0.6836,2,128,0.5413,1,1,,0,,gcc.trace.txt
32,2,32,,1,128,,2,2,,,,gcc.trace.txt
32,8,1024,0.1363,8,524288,0.1895,0,0,,0,,gcc.trace.txt
32,2,32,,4,0,,1,1,,,,gcc.trace.txt
32,2,16,,4,0,,1,2,,,,gcc.trace.txt
32,4,8,,8,512,,0,1,,,,gcc.trace.txt
16,1,8,,1,0,,1,1,,,,gcc.trace.txt
16,2,16,,8,0,,1,0,,,,gcc.trace.txt
32,1,32,,2,0,,0,1,,,,gcc.trace.txt
32,4,16,,2,128,,0,0,,,,gcc.trace.txt
16,1,16,0.6836,1,256,0.4426,2,0,,0,,gcc.trace.txt
32,32,1024,0.137,0,0,0.0,0,0,/Users/kaylaradu/GitHubRepos/GitNCSU/ECE492-MicroArch/traces/gcc_trace.txt,0,graph1_size_assoc,gcc.trace.txt
16,8,64,,4,256,,0,1,,,,gcc.trace.txt
32,1,32,0.6165,2,512,0.3575,0,2,,0,,gcc.trace.txt
16,1,64,,8,0,,2,1,,,,gcc.trace.txt
32,8,32,,8,128,,2,1,,,,gcc.trace.txt
32,1,16,,2,0,,0,2,,,,gcc.trace.txt
16,4,8,,8,512,,1,2,,,,gcc.trace.txt
16,8,64,,2,512,,2,2,,,,gcc.trace.txt
16,1,64,0.4967,8,128,0.6851,0,1,,0,,gcc.trace.txt
32,4,4096,0.0599,8,16384,0.4598,0,0,/Users/kaylaradu/GitHubRepos/GitNCSU/ECE492-MicroArch/traces/gcc_trace.txt,0,graph3_l2,gcc.trace.txt
32,1,32,0.6165,4,256,0.4631,2,1,,0,,gcc.trace.txt
32,2,8,,8,256,,0,1,,,,gcc.trace.txt
16,4,16,,2,128,,0,0,,,,gcc.trace.txt
32,1,16,,1,256,,2,0,,,,gcc.trace.txt
16,1,32,0.5884,2,512,0.3607,0,2,,0,,gcc.trace.txt
32,1,8,,8,512,,1,0,,,,gcc.trace.txt
16,8,32,,8,128,,2,1,,,,gcc.trace.txt
16,8,16,,2,0,,1,0,,,,gcc.trace.txt
16,8,8,,1,256,,1,1,,,,gcc.trace.txt
32,4,4096,0.0599,8,65536,0.4326,0,0,/Users/kaylaradu/GitHubRepos/GitNCSU/ECE492-MicroArch/traces/gcc_trace.txt,0,graph5_l2size,gcc.trace.txt
32,1,64,,8,128,,0,1,,,,gcc.trace.txt
16,1,32,0.5884,4,256,0.4465,2,1,,0,,gcc.trace.txt
32,1,16,,2,128,,1,1,,,,gcc.trace.txt
32,4,16,,4,0,,0,0,,,,gcc.trace.txt
32,8,2048,0.0907,8,262144,0.2847,0,0,,0,,gcc.trace.txt
16,2,32,0.5666,1,128,0.691,2,2,,0,,gcc.trace.txt
32,8,8,,1,256,,0,2,,,,gcc.trace.txt
16,8,8,,2,128,,2,0,,,,gcc.trace.txt
32,8,2048,0.0907,2,131072,0.2856,0,0,,0,,gcc.trace.txt
16,4,16,,8,0,,0,2,,,,gcc.trace.txt
16,4,32,,8,0,,0,1,,,,gcc.trace.txt
16,2,8,,8,256,,1,2,,,,gcc.trace.txt
16,4,64,0.4645,8,128,0.7483,1,0,,0,,gcc.trace.txt
16,8,32,,2,512,,1,1,,,,gcc.trace.txt
32,1,8,,2,128,,2,0,,,,gcc.trace.txt
32,1,64,0.5338,4,256,0.5349,1,2,,0,,gcc.trace.txt
32,2,8,,4,128,,1,2,,,,gcc.trace.txt
16,1,8,,1,256,,0,2,,,,gcc.trace.txt
16,4,64,,1,0,,0,1,,,,gcc.trace.txt
32,2,64,0.5039,2,256,0.6074,2,0,,0,,gcc.trace.txt
32,2,8,,2,0,,2,2,,,,gcc.trace.txt
32,1,8,,1,256,,1,1,,,,gcc.trace.txt
16,2,8,,4,128,,0,1,,,,gcc.trace.txt
32,2,8,,1,512,,0,0,,,,gcc.trace.txt
32,8,16,,2,128,,0,2,,,,gcc.trace.txt
32,8,8192,0.0395,4,524288,0.653,0,0,,0,,gcc.trace.txt
32,1,16,,8,512,,2,1,,,,gcc.trace.txt
16,4,32768,0.0475,4,262144,0.9914,0,0,,0,,gcc.trace.txt
16,4,64,0.4645,2,512,0.456,2,0,,0,,gcc.trace.txt
64,4,16384,0.0204,0,0,0.0,0,0,,0,,gcc.trace.txt
32,8,4096,0.0537,0,0,0.0,0,0,,0,,gcc.trace.txt
32,2,64,0.5039,1,128,0.8132,1,1,,0,,gcc.trace.txt
16,2,16384,0.0525,4,524288,0.8972,0,0,,0,,gcc.trace.txt
16,8,8,,8,512,,1,0,,,,gcc.trace.txt
16,8,8,,8,512,,0,0,,,,gcc.trace.txt
16,1,32768,0.0591,4,524288,0.7969,0,0,,0,,gcc.trace.txt
32,2,64,0.5039,1,128,0.8132,0,1,,0,,gcc.trace.txt
16,8,8192,0.0587,4,131072,0.8028,0,0,,0,,gcc.trace.txt
32,8,16,,1,0,,2,0,,,,gcc.trace.txt
16,2,8,,4,128,,1,1,,,,gcc.trace.txt
32,2,16,,8,256,,2,0,,,,gcc.trace.txt
32,1,8,,1,256,,0,1,,,,gcc.trace.txt
16,4,8,,8,0,,2,1,,,,gcc.trace.txt
64,8,2048,0.0996,4,131072,0.1458,0,0,,0,,gcc.trace.txt
32,2,8,,1,512,,1,0,,,,gcc.trace.txt
32,8,16,,2,128,,1,2,,,,gcc.trace.txt
16,8,2048,0.0969,0,0,0.0,0,0,,0,,gcc.trace.txt
32,1,64,0.5338,2,512,0.4129,2,1,,0,,gcc.trace.txt
16,8,32,,4,256,,2,2,,,,gcc.trace.txt
16,4,64,,1,0,,1,1,,,,gcc.trace.txt
16,1,8,,1,256,,1,2,,,,gcc.trace.txt
32,2,8,,4,128,,0,2,,,,gcc.trace.txt
32,1,64,0.5338,4,256,0.5349,0,2,,0,,gcc.trace.txt
32,1,8,,4,0,,2,2,,,,gcc.trace.txt
16,1,32,0.5884,8,128,0.5851,2,2,,0,,gcc.trace.txt
16,8,32,,2,512,,0,1,,,,gcc.trace.txt
16,4,16,,8,512,,2,0,,,,gcc.trace.txt
16,4,16,,8,0,,1,2,,,,gcc.trace.txt
64,8,8192,0.0316,2,524288,0.4593,0,0,,0,,gcc.trace.txt
16,4,64,0.4645,8,128,0.7483,0,0,,0,,gcc.trace.txt
32,4,32,,4,256,,2,0,,,,gcc.trace.txt
16,2,8,,8,256,,0,2,,,,gcc.trace.txt
16,4,32,,8,0,,1,1,,,,gcc.trace.txt
32,8,16,,8,512,,2,2,,,,gcc.trace.txt
16,4,16,,1,256,,2,1,,,,gcc.trace.txt
32,4,16,,4,0,,1,0,,,,gcc.trace.txt
32,1,16,,2,128,,0,1,,,,gcc.trace.txt
16,8,2048,0.0969,2,524288,0.4866,0,0,,0,,gcc.trace.txt
32,8,8,,1,256,,1,2,,,,gcc.trace.txt
16,8,8,,1,256,,0,1,,,,gcc.trace.txt
16,2,32,0.5666,4,512,0.3493,2,0,,0,,gcc.trace.txt
16,8,16,,2,0,,0,0,,,,gcc.trace.txt
32,1,64,,8,128,,1,1,,,,gcc.trace.txt
16,4,16,,2,128,,1,0,,,,gcc.trace.txt
32,2,8,,8,256,,1,1,,,,gcc.trace.txt
16,8,64,,4,0,,2,1,,,,gcc.trace.txt
32,2,16,,1,512,,2,1,,,,gcc.trace.txt
16,1,32,0.5884,2,512,0.3607,1,2,,0,,gcc.trace.txt
32,1,8,,8,512,,0,0,,,,gcc.trace.txt
16,4,8,,8,512,,0,2,,,,gcc.trace.txt
32,2,32,,4,512,,2,0,,,,gcc.trace.txt
32,8,32768,0.0262,8,524288,0.9836,0,0,,0,,gcc.trace.txt
16,1,64,0.4967,8,128,0.6851,1,1,,0,,gcc.trace.txt
32,4,16,,2,128,,1,0,,,,gcc.trace.txt
32,1,32,,2,0,,1,1,,,,gcc.trace.txt
32,1,16,,2,0,,1,2,,,,gcc.trace.txt
16,2,16,,1,512,,2,1,,,,gcc.trace.txt
32,1,32,0.6165,2,512,0.3575,1,2,,0,,gcc.trace.txt
16,8,64,,4,256,,1,1,,,,gcc.trace.txt
16,8,1024,0.1401,8,131072,0.3365,0,0,,0,,gcc.trace.txt
16,1,8,,1,0,,0,1,,,,gcc.trace.txt
16,2,16,,8,0,,0,0,,,,gcc.trace.txt
16,4,32,,4,256,,2,0,,,,gcc.trace.txt
16,2,32768,0.0495,0,0,0.0,0,0,,0,,gcc.trace.txt
32,2,32,,4,0,,0,1,,,,gcc.trace.txt
32,4,16,,1,256,,2,1,,,,gcc.trace.txt
16,8,16,,8,512,,2,2,,,,gcc.trace.txt
16,8,1024,0.1401,2,262144,0.3366,0,0,,0,,gcc.trace.txt
16,1,16,0.6836,2,128,0.5413,0,1,,0,,gcc.trace.txt
32,4,8,,8,512,,1,1,,,,gcc.trace.txt
32,2,16,,4,0,,0,2,,,,gcc.trace.txt
16,8,64,,8,128,,0,2,,,,gcc.trace.txt
16,1,64,0.4967,2,512,0.4272,2,1,,0,,gcc.trace.txt
32,8,32,,4,256,,2,2,,,,gcc.trace.txt
64,4,32768,0.0156,2,262144,0.9339,0,0,,0,,gcc.trace.txt
16,1,64,0.4967,4,256,0.5289,0,2,,0,,gcc.trace.txt
32,1,32,,8,128,,2,2,,,,gcc.trace.txt
32,4,8,,1,256,,1,0,,,,gcc.trace.txt
32,8,32,,2,512,,0,1,,,,gcc.trace.txt
64,2,16384,0.026,2,524288,0.5585,0,0,,0,,gcc.trace.txt
32,4,16,,8,512,,2,0,,,,gcc.trace.txt
64,4,32768,0.0156,8,131072,0.932,0,0,,0,,gcc.trace.txt
16,2,64,0.4721,1,128,0.7915,0,1,,0,,gcc.trace.txt
16,2,16,,8,256,,2,0,,,,gcc.trace.txt
32,4,8,,2,128,,2,1,,,,gcc.trace.txt
16,8,16,,2,128,,1,2,,,,gcc.trace.txt
32,8,2048,0.0907,0,0,0.0,0,0,,0,,gcc.trace.txt
32,4,8,,2,0,,2,0,,,,gcc.trace.txt
16,8,32,,2,128,,0,0,,,,gcc.trace.txt
32,8,8,,8,128,,1,2,,,,gcc.trace.txt
16,4,16,,8,128,,2,1,,,,gcc.trace.txt
32,2,8,,2,256,,2,0,,,,gcc.trace.txt
32,2,64,0.5039,4,128,0.8013,1,2,,0,,gcc.trace.txt
32,1,8,,4,256,,1,2,,,,gcc.trace.txt
16,2,8,,1,128,,0,2,,,,gcc.trace.txt
32,1,64,0.5338,2,128,0.7745,2,0,,0,,gcc.trace.txt
16,4,64,0.4645,1,256,0.6257,0,0,,0,,gcc.trace.txt
16,2,8,,4,512,,1,0,,,,gcc.trace.txt
32,2,8,,1,128,,1,1,,,,gcc.trace.txt
16,4,64,,4,0,,0,2,,,,gcc.trace.txt
16,1,8,,4,256,,0,1,,,,gcc.trace.txt
32,1,64,0.5338,1,256,0.6249,1,1,,0,,gcc.trace.txt
16,4,32,,2,0,,2,0,,,,gcc.trace.txt
16,1,8,,2,512,,2,2,,,,gcc.trace.txt
16,8,8,,8,128,,0,1,,,,gcc.trace.txt
16,4,16,,2,512,,1,1,,,,gcc.trace.txt
64,4,16384,0.0204,4,262144,0.71,0,0,,0,,gcc.trace.txt
16,8,8,,8,0,,0,2,,,,gcc.trace.txt
32,1,8,,8,128,,0,1,,,,gcc.trace.txt
32,8,8,,2,512,,2,2,,,,gcc.trace.txt
32,2,16,,1,128,,2,0,,,,gcc.trace.txt
16,2,32,0.5666,4,128,0.6179,2,1,,0,,gcc.trace.txt
32,4,32,,1,0,,0,0,,,,gcc.trace.txt
64,2,32768,0.0183,4,524288,0.793,0,0,,0,,gcc.trace.txt
32,1,64,0.5338,8,512,0.3585,1,0,,0,,gcc.trace.txt
32,8,8,,4,256,,0,1,,,,gcc.trace.txt
32,1,16,,2,512,,0,0,,,,gcc.trace.txt
16,8,8,,4,256,,1,2,,,,gcc.trace.txt
32,4,32,,2,128,,0,2,,,,gcc.trace.txt
32,2,16,,2,256,,1,1,,,,gcc.trace.txt
16,1,32,0.5884,1,256,0.5143,2,2,,0,,gcc.trace.txt
16,4,8,,2,0,,1,0,,,,gcc.trace.txt
16,1,8,,8,128,,1,2,,,,gcc.trace.txt
16,4,64,0.4645,8,512,0.418,0,1,,0,,gcc.trace.txt
16,1,16,0.6836,2,512,0.3104,0,0,,0,,gcc.trace.txt
16,2,8,,2,0,,0,2,,,,gcc.trace.txt
16,1,1024,1.0,0,0,0.0,0,0,/Users/kaylaradu/GitHubRepos/GitNCSU/ECE492-MicroArch/traces/stream_trace.txt,0,stream_prefetch_disabled,stream.trace.txt
32,4,8,,8,0,,1,1,,,,gcc.trace.txt
16,2,16,,2,256,,1,1,,,,gcc.trace.txt
16,1,16384,0.0672,2,524288,0.7017,0,0,,0,,gcc.trace.txt
16,4,32,,2,128,,0,2,,,,gcc.trace.txt
32,4,8,,8,128,,1,0,,,,gcc.trace.txt
32,1,32,0.6165,1,256,0.5411,2,2,,0,,gcc.trace.txt
64,8,4096,0.0599,4,131072,0.2424,0,0,,0,,gcc.trace.txt
32,1,4096,0.1002,8,16384,0.2763,0,0,/Users/kaylaradu/GitHubRepos/GitNCSU/ECE492-MicroArch/traces/gcc_trace.txt,0,graph3_l2,gcc.trace.txt
32,1,64,,1,0,,2,0,,,,gcc.trace.txt
16,8,64,,1,256,,0,2,,,,gcc.trace.txt
16,1,8,,4,0,,1,2,,,,gcc.trace.txt
32,1,65536,0.0329,0,0,0.0,0,0,/Users/kaylaradu/GitHubRepos/GitNCSU/ECE492-MicroArch/traces/gcc_trace.txt,0,graph1_size_assoc,gcc.trace.txt
32,4,16,,2,512,,1,1,,,,gcc.trace.txt
16,2,16,,1,128,,2,0,,,,gcc.trace.txt
16,2,64,0.4721,8,256,0.5456,0,1,,0,,gcc.trace.txt
32,2,32,,1,0,,1,2,,,,gcc.trace.txt
32,2,32,,4,128,,2,1,,,,gcc.trace.txt
16,1,64,0.4967,8,512,0.3915,1,0,,0,,gcc.trace.txt
32,2,16,,1,0,,1,1,,,,gcc.trace.txt
16,8,4096,0.0727,2,524288,0.6478,0,0,,0,,gcc.trace.txt
32,4,8,,2,512,,2,0,,,,gcc.trace.txt
16,2,64,,4,0,,1,0,,,,gcc.trace.txt
32,2,64,,8,0,,1,2,,,,gcc.trace.txt
16,1,64,0.4967,1,256,0.6092,1,1,,0,,gcc.trace.txt
16,2,64,0.4721,1,512,0.5111,0,0,,0,,gcc.trace.txt
32,8,32,,2,128,,0,0,,,,gcc.trace.txt
16,1,64,,2,0,,0,0,,,,gcc.trace.txt
32,4,16,,8,128,,2,1,,,,gcc.trace.txt
16,4,8,,4,256,,1,0,,,,gcc.trace.txt
16,2,64,0.4721,4,128,0.742,1,2,,0,,gcc.trace.txt
32,1,32,,8,0,,2,0,,,,gcc.trace.txt
16,1,64,0.4967,2,128,0.745,2,0,,0,,gcc.trace.txt
16,1,16,,4,0,,2,1,,,,gcc.trace.txt
16,1,32,,4,0,,2,2,,,,gcc.trace.txt
32,1,32,,8,0,,0,0,,,,gcc.trace.txt
32,2,32,,8,256,,1,2,,,,gcc.trace.txt
32,4,16,,8,128,,0,1,,,,gcc.trace.txt
16,1,64,,2,0,,2,0,,,,gcc.trace.txt
32,8,32,,2,128,,2,0,,,,gcc.trace.txt
16,1,32,,4,0,,0,2,,,,gcc.trace.txt
16,1,16,,4,0,,0,1,,,,gcc.trace.txt
16,1,64,0.4967,2,128,0.745,0,0,,0,,gcc.trace.txt
16,1,16,0.6836,8,128,0.5052,1,0,,0,,gcc.trace.txt
16,4,32,,8,512,,1,2,,,,gcc.trace.txt
32,4,8,,2,512,,0,0,,,,gcc.trace.txt
32,8,32,,1,256,,1,1,,,,gcc.trace.txt
32,8,1024,0.1363,8,131072,0.1895,0,0,,0,,gcc.trace.txt
16,8,16,,4,256,,1,0,,,,gcc.trace.txt
16,2,32,,2,0,,1,2,,,,gcc.trace.txt
16,2,64,0.4721,1,512,0.5111,2,0,,0,,gcc.trace.txt
32,4,4096,0.0599,0,0,0.0,0,0,/Users/kaylaradu/GitHubRepos/GitNCSU/ECE492-MicroArch/traces/gcc_trace.txt,0,graph4_blocksize,gcc.trace.txt
32,8,1024,0.1363,2,262144,0.1896,0,0,,0,,gcc.trace.txt
16,2,16,,2,0,,1,1,,,,gcc.trace.txt
32,8,32,,8,512,,1,0,,,,gcc.trace.txt
16,2,16,,1,128,,0,0,,,,gcc.trace.txt
64,1,32768,0.0298,2,131072,0.4904,0,0,,0,,gcc.trace.txt
64,1,32768,0.0298,8,262144,0.4877,0,0,,0,,gcc.trace.txt
32,2,32,,4,128,,0,1,,,,gcc.trace.txt
32,4,16,,4,256,,1,2,,,,gcc.trace.txt
16,2,64,0.4721,8,256,0.5456,2,1,,0,,gcc.trace.txt
32,1,64,,1,0,,0,0,,,,gcc.trace.txt
32,1,32,0.6165,1,256,0.5411,0,2,,0,,gcc.trace.txt
16,4,32,,2,128,,2,2,,,,gcc.trace.txt
16,2,8,,2,0,,2,2,,,,gcc.trace.txt
16,1,16,0.6836,2,512,0.3104,2,0,,0,,gcc.trace.txt
16,8,64,,1,256,,2,2,,,,gcc.trace.txt
16,2,16,,4,512,,1,2,,,,gcc.trace.txt
32,2048,65536,0.0258,0,0,0.0,0,0,/Users/kaylaradu/GitHubRepos/GitNCSU/ECE492-MicroArch/traces/gcc_trace.txt,0,graph1_size_assoc,gcc.trace.txt
32,8,8192,0.0395,4,131072,0.653,0,0,,0,,gcc.trace.txt
16,1,32,0.5884,1,256,0.5143,0,2,,0,,gcc.trace.txt
32,4,32,,2,128,,2,2,,,,gcc.trace.txt
32,1,16,,2,512,,2,0,,,,gcc.trace.txt
16,2,16384,0.0525,4,131072,0.8972,0,0,,0,,gcc.trace.txt
16,4,64,0.4645,8,512,0.418,2,1,,0,,gcc.trace.txt
32,2,16,,4,512,,1,2,,,,gcc.trace.txt
16,8,64,,1,0,,1,2,,,,gcc.trace.txt
32,1,1024,0.1935,8,16384,0.1434,0,0,,0,,gcc.trace.txt
16,8,8,,2,512,,1,1,,,,gcc.trace.txt
16,8,32,,8,512,,1,0,,,,gcc.trace.txt
32,2,16,,1,128,,0,0,,,,gcc.trace.txt
32,8,8,,2,512,,0,2,,,,gcc.trace.txt
32,1,8,,8,128,,2,1,,,,gcc.trace.txt
16,8,8,,8,0,,2,2,,,,gcc.trace.txt
32,1,1048576,0.0258,0,0,0.0,0,0,/Users/kaylaradu/GitHubRepos/GitNCSU/ECE492-MicroArch/traces/gcc_trace.txt,0,graph1_size_assoc,gcc.trace.txt
32,8,8,,4,256,,2,1,,,,gcc.trace.txt
32,4,32,,1,0,,2,0,,,,gcc.trace.txt
16,4,16,,4,256,,1,2,,,,gcc.trace.txt
16,2,32,0.5666,4,128,0.6179,0,1,,0,,gcc.trace.txt
16,1,8,,4,256,,2,1,,,,gcc.trace.txt
32,1,16,,8,128,,1,0,,,,gcc.trace.txt
16,4,64,,4,0,,2,2,,,,gcc.trace.txt
16,8,32,,1,256,,1,1,,,,gcc.trace.txt
32,4,32,,8,512,,1,2,,,,gcc.trace.txt
32,8,16,,4,256,,1,0,,,,gcc.trace.txt
16,8,8,,8,128,,2,1,,,,gcc.trace.txt
16,1,8,,2,512,,0,2,,,,gcc.trace.txt
32,8,2048,0.0907,2,524288,0.2847,0,0,,0,,gcc.trace.txt
16,4,32,,2,0,,0,0,,,,gcc.trace.txt
32,1,8,,1,0,,1,1,,,,gcc.trace.txt
16,4,64,0.4645,2,128,0.7709,1,1,,0,,gcc.trace.txt
16,4,16,,8,128,,0,1,,,,gcc.trace.txt
16,2,32,0.5666,8,256,0.4543,1,2,,0,,gcc.trace.txt
32,2,8,,2,256,,0,0,,,,gcc.trace.txt
32,8,32,,4,0,,1,0,,,,gcc.trace.txt
32,1,8,,2,512,,1,1,,,,gcc.trace.txt
16,8,32,,2,128,,2,0,,,,gcc.trace.txt
16,8,16,,8,0,,1,1,,,,gcc.trace.txt
16,4,64,0.4645,1,256,0.6257,2,0,,0,,gcc.trace.txt
32,1,8192,0.067,8,16384,0.3967,0,0,,0,,gcc.trace.txt
32,1,64,0.5338,2,128,0.7745,0,0,,0,,gcc.trace.txt
16,8,32,,8,0,,1,2,,,,gcc.trace.txt
16,2,8,,1,128,,2,2,,,,gcc.trace.txt
16,2,64,0.4721,1,128,0.7915,2,1,,0,,gcc.trace.txt
16,2,32768,0.0495,8,262144,0.9515,0,0,,0,,gcc.trace.txt
64,1,2048,0.1612,0,0,0.0,0,0,,0,,gcc.trace.txt
32,4,8,,2,0,,0,0,,,,gcc.trace.txt
16,2,32768,0.0495,2,131072,0.9532,0,0,,0,,gcc.trace.txt
16,1,32,,1,0,,1,1,,,,gcc.trace.txt
16,1,16,0.6836,8,512,0.2845,1,1,,0,,gcc.trace.txt
16,4,16384,0.0482,8,524288,0.9772,0,0,,0,,gcc.trace.txt
16,1,16,,1,0,,1,2,,,,gcc.trace.txt
16,2,16,,8,256,,0,0,,,,gcc.trace.txt
32,4,8,,2,128,,0,1,,,,gcc.trace.txt
16,4,8,,2,128,,1,2,,,,gcc.trace.txt
16,2,64,0.4721,2,256,0.5958,1,0,,0,,gcc.trace.txt
32,8,32,,4,256,,0,2,,,,gcc.trace.txt
16,1,64,0.4967,2,512,0.4272,0,1,,0,,gcc.trace.txt
16,8,64,,8,128,,2,2,,,,gcc.trace.txt
32,8,8,,8,0,,1,2,,,,gcc.trace.txt
32,4,16,,8,512,,0,0,,,,gcc.trace.txt
32,8,32,,2,512,,2,1,,,,gcc.trace.txt
32,1,32,,8,128,,0,2,,,,gcc.trace.txt
16,1,64,0.4967,4,256,0.5289,2,2,,0,,gcc.trace.txt
16,4,32,,4,256,,0,0,,,,gcc.trace.txt
16,2,16,,8,0,,2,0,,,,gcc.trace.txt
16,1,8,,1,0,,2,1,,,,gcc.trace.txt
32,8,4096,0.0537,2,524288,0.4813,0,0,,0,,gcc.trace.txt
32,2,16,,4,0,,2,2,,,,gcc.trace.txt
32,4,1024,0.1427,0,0,0.0,0,0,/Users/kaylaradu/GitHubRepos/GitNCSU/ECE492-MicroArch/traces/gcc_trace.txt,0,graph1_size_assoc,gcc.trace.txt
16,1,16,0.6836,2,128,0.5413,2,1,,0,,gcc.trace.txt
32,4,16,,1,256,,0,1,,,,gcc.trace.txt
32,2,32,,1,128,,1,2,,,,gcc.trace.txt
16,8,16,,8,512,,0,2,,,,gcc.trace.txt
32,2,32,,4,0,,2,1,,,,gcc.trace.txt
16,8,64,,2,512,,1,2,,,,gcc.trace.txt
32,1,32,0.6165,4,256,0.4631,1,1,,0,,gcc.trace.txt
16,4,8,,8,512,,2,2,,,,gcc.trace.txt
32,2,32,,4,512,,0,0,,,,gcc.trace.txt
16,1,64,,8,0,,1,1,,,,gcc.trace.txt
32,8,32,,8,128,,1,1,,,,gcc.trace.txt
16,2,16,,1,512,,0,1,,,,gcc.trace.txt
16,1,16,0.6836,1,256,0.4426,1,0,,0,,gcc.trace.txt
16,1,32,0.5884,4,256,0.4465,1,1,,0,,gcc.trace.txt
16,8,16,,2,0,,2,0,,,,gcc.trace.txt
16,2,32,0.5666,4,512,0.3493,0,0,,0,,gcc.trace.txt
16,8,8,,1,256,,2,1,,,,gcc.trace.txt
32,1,8,,8,512,,2,0,,,,gcc.trace.txt
16,8,32,,8,128,,1,1,,,,gcc.trace.txt
32,2,16,,1,512,,0,1,,,,gcc.trace.txt
16,8,64,,4,0,,0,1,,,,gcc.trace.txt
32,1,16,,1,256,,1,0,,,,gcc.trace.txt
32,4,32,,4,256,,0,0,,,,gcc.trace.txt
16,2,8,,8,256,,2,2,,,,gcc.trace.txt
16,4,64,0.4645,8,128,0.7483,2,0,,0,,gcc.trace.txt
16,8,8,,2,128,,1,0,,,,gcc.trace.txt
32,1,16,,2,128,,2,1,,,,gcc.trace.txt
16,2,32,0.5666,1,128,0.691,1,2,,0,,gcc.trace.txt
32,8,16,,8,512,,0,2,,,,gcc.trace.txt
16,4,16,,1,256,,0,1,,,,gcc.trace.txt
32,2,8,,4,128,,2,2,,,,gcc.trace.txt
64,1,16384,0.0393,4,131072,0.3694,0,0,,0,,gcc.trace.txt
32,2,64,0.5039,2,256,0.6074,1,0,,0,,gcc.trace.txt
16,8,32,,4,256,,0,2,,,,gcc.trace.txt
32,1,64,0.5338,2,512,0.4129,0,1,,0,,gcc.trace.txt
16,4,16,,8,512,,0,0,,,,gcc.trace.txt
16,8,32,,2,512,,2,1,,,,gcc.trace.txt
16,1,32,0.5884,8,128,0.5851,0,2,,0,,gcc.trace.txt
32,1,8,,2,128,,1,0,,,,gcc.trace.txt
32,1,64,0.5338,4,256,0.5349,2,2,,0,,gcc.trace.txt
32,1,8,,4,0,,0,2,,,,gcc.trace.txt
32,8,16,,1,0,,0,0,,,,gcc.trace.txt
32,2,64,0.5039,1,128,0.8132,2,1,,0,,gcc.trace.txt
16,8,8,,8,512,,2,0,,,,gcc.trace.txt
16,4,64,0.4645,2,512,0.456,1,0,,0,,gcc.trace.txt
32,1,16,,8,512,,1,1,,,,gcc.trace.txt
32,2,8,,2,0,,1,2,,,,gcc.trace.txt
16,4,8,,8,0,,0,1,,,,gcc.trace.txt
32,1,8,,1,256,,2,1,,,,gcc.trace.txt
32,2,16,,8,256,,0,0,,,,gcc.trace.txt
32,1,16,,8,512,,0,1,,,,gcc.trace.txt
32,8,16,,2,128,,2,2,,,,gcc.trace.txt
32,2,8,,1,512,,2,0,,,,gcc.trace.txt
64,1,4096,0.1021,0,0,0.0,0,0,,0,,gcc.trace.txt
32,2,16,,8,256,,1,0,,,,gcc.trace.txt
16,2,8,,4,128,,2,1,,,,gcc.trace.txt
16,4,8,,8,0,,1,1,,,,gcc.trace.txt
32,2,8,,2,0,,0,2,,,,gcc.trace.txt
32,8,16,,1,0,,1,0,,,,gcc.trace.txt
16,4,64,0.4645,2,512,0.456,0,0,,0,,gcc.trace.txt
16,4,16,,8,512,,1,0,,,,gcc.trace.txt
32,1,8,,4,0,,1,2,,,,gcc.trace.txt
32,4,4096,0.0599,0,0,0.0,0,0,/Users/kaylaradu/GitHubRepos/GitNCSU/ECE492-MicroArch/traces/gcc_trace.txt,0,graph1_size_assoc,gcc.trace.txt
16,1,32,0.5884,8,128,0.5851,1,2,,0,,gcc.trace.txt
32,1,8,,2,128,,0,0,,,,gcc.trace.txt
32,2,64,0.5039,2,256,0.6074,0,0,,0,,gcc.trace.txt
16,4,64,,1,0,,2,1,,,,gcc.trace.txt
16,1,8,,1,256,,2,2,,,,gcc.trace.txt
64,2,32768,0.0183,4,131072,0.793,0,0,,0,,gcc.trace.txt
16,1,1024,1.0,0,0,0.0,4,1,/Users/kaylaradu/GitHubRepos/GitNCSU/ECE492-MicroArch/traces/stream_trace.txt,0,stream_prefetch_buffers,stream.trace.txt
32,1,64,0.5338,2,512,0.4129,1,1,,0,,gcc.trace.txt
16,8,32,,4,256,,1,2,,,,gcc.trace.txt
32,8,8,,1,256,,2,2,,,,gcc.trace.txt
16,4,16,,1,256,,1,1,,,,gcc.trace.txt
32,8,16,,8,512,,1,2,,,,gcc.trace.txt
16,2,32,0.5666,1,128,0.691,0,2,,0,,gcc.trace.txt
32,4,16,,4,0,,2,0,,,,gcc.trace.txt
32,4,32,,4,256,,1,0,,,,gcc.trace.txt
16,4,32,,8,0,,2,1,,,,gcc.trace.txt
16,4,16,,8,0,,2,2,,,,gcc.trace.txt
16,8,8,,2,128,,0,0,,,,gcc.trace.txt
32,2,16,,1,512,,1,1,,,,gcc.trace.txt
16,8,32,,8,128,,0,1,,,,gcc.trace.txt
16,1,32,0.5884,2,512,0.3607,2,2,,0,,gcc.trace.txt
32,4,4096,0.0599,8,16384,0.4598,0,0,/Users/kaylaradu/GitHubRepos/GitNCSU/ECE492-MicroArch/traces/gcc_trace.txt,0,graph5_l2size,gcc.trace.txt
32,1,16,,1,256,,0,0,,,,gcc.trace.txt
32,2,8,,8,256,,2,1,,,,gcc.trace.txt
16,4,16,,2,128,,2,0,,,,gcc.trace.txt
16,8,64,,4,0,,1,1,,,,gcc.trace.txt
16,1,32,0.5884,4,256,0.4465,0,1,,0,,gcc.trace.txt
32,1,64,,8,128,,2,1,,,,gcc.trace.txt
16,2,32,0.5666,4,512,0.3493,1,0,,0,,gcc.trace.txt
32,8,16384,0.0277,4,262144,0.9308,0,0,,0,,gcc.trace.txt
32,1,16,,2,0,,2,2,,,,gcc.trace.txt
16,2,16,,1,512,,1,1,,,,gcc.trace.txt
32,8,32,,8,128,,0,1,,,,gcc.trace.txt
16,1,64,,8,0,,0,1,,,,gcc.trace.txt
32,1,32,0.6165,2,512,0.3575,2,2,,0,,gcc.trace.txt
16,8,64,,4,256,,2,1,,,,gcc.trace.txt
32,2,32768,0.0288,0,0,0.0,0,0,/Users/kaylaradu/GitHubRepos/GitNCSU/ECE492-MicroArch/traces/gcc_trace.txt,0,graph1_size_assoc,gcc.trace.txt
16,1,16,0.6836,1,256,0.4426,0,0,,0,,gcc.trace.txt
32,4,16,,2,128,,2,0,,,,gcc.trace.txt
32,1,32,,2,0,,2,1,,,,gcc.trace.txt
32,1,32,0.6165,4,256,0.4631,0,1,,0,,gcc.trace.txt
16,1,64,0.4967,8,128,0.6851,2,1,,0,,gcc.trace.txt
16,8,64,,2,512,,0,2,,,,gcc.trace.txt
32,2,32,,4,512,,1,0,,,,gcc.trace.txt
32,4,8,,8,512,,2,1,,,,gcc.trace.txt
16,8,16,,8,512,,1,2,,,,gcc.trace.txt
32,2,32,,1,128,,0,2,,,,gcc.trace.txt
32,4,16,,1,256,,1,1,,,,gcc.trace.txt
16,8,4096,0.0727,2,131072,0.6488,0,0,,0,,gcc.trace.txt
16,4,32,,4,256,,1,0,,,,gcc.trace.txt
16,8,4096,0.0727,8,262144,0.6478,0,0,,0,,gcc.trace.txt
32,8,8,,8,0,,0,2,,,,gcc.trace.txt
32,4,16,,8,512,,1,0,,,,gcc.trace.txt
32,1,32,,8,128,,1,2,,,,gcc.trace.txt
32,4,8,,1,256,,2,0,,,,gcc.trace.txt
16,2,64,0.4721,2,256,0.5958,0,0,,0,,gcc.trace.txt
16,4,8,,2,128,,0,2,,,,gcc.trace.txt
16,1,64,0.4967,2,512,0.4272,1,1,,0,,gcc.trace.txt
32,8,32,,4,256,,1,2,,,,gcc.trace.txt
64,8,4096,0.0599,4,524288,0.2424,0,0,,0,,gcc.trace.txt
16,1,16,0.6836,8,512,0.2845,0,1,,0,,gcc.trace.txt
16,1,32,,1,0,,0,1,,,,gcc.trace.txt
16,8,16,,2,128,,2,2,,,,gcc.trace.txt
16,1,16384,0.0672,2,131072,0.7025,0,0,,0,,gcc.trace.txt
32,4,8,,2,0,,1,0,,,,gcc.trace.txt
32,4,8,,2,128,,1,1,,,,gcc.trace.txt
16,2,16,,8,256,,1,0,,,,gcc.trace.txt
16,1,16,,1,0,,0,2,,,,gcc.trace.txt
16,1,16384,0.0672,8,262144,0.7017,0,0,,0,,gcc.trace.txt
16,8,16,,8,0,,0,1,,,,gcc.trace.txt
32,1,8,,4,256,,2,2,,,,gcc.trace.txt
16,8,32,,8,0,,0,2,,,,gcc.trace.txt
32,1,64,0.5338,2,128,0.7745,1,0,,0,,gcc.trace.txt
16,2,32,0.5666,8,256,0.4543,0,2,,0,,gcc.trace.txt
32,2,8,,2,256,,1,0,,,,gcc.trace.txt
16,4,16,,8,128,,1,1,,,,gcc.trace.txt
32,2,64,0.5039,4,128,0.8013,2,2,,0,,gcc.trace.txt
32,8,8,,8,128,,2,2,,,,gcc.trace.txt
32,1,8,,2,512,,0,1,,,,gcc.trace.txt
32,8,32,,4,0,,0,0,,,,gcc.trace.txt
16,1,8,,2,512,,1,2,,,,gcc.trace.txt
32,8,16,,4,256,,0,0,,,,gcc.trace.txt
16,1,16384,0.0672,0,0,0.0,0,0,,0,,gcc.trace.txt
16,4,64,0.4645,2,128,0.7709,0,1,,0,,gcc.trace.txt
32,1,64,0.5338,1,256,0.6249,2,1,,0,,gcc.trace.txt
32,1,8,,1,0,,0,1,,,,gcc.trace.txt
16,8,2048,0.0969,8,262144,0.4866,0,0,,0,,gcc.trace.txt
16,4,32,,2,0,,1,0,,,,gcc.trace.txt
64,8,8192,0.0316,2,131072,0.4622,0,0,,0,,gcc.trace.txt
32,2,8,,1,128,,2,1,,,,gcc.trace.txt
32,1,16,,8,128,,0,0,,,,gcc.trace.txt
64,8,8192,0.0316,8,262144,0.4593,0,0,,0,,gcc.trace.txt
16,8,2048,0.0969,2,131072,0.4872,0,0,,0,,gcc.trace.txt
32,4,32,,8,512,,0,2,,,,gcc.trace.txt
16,2,8,,4,512,,2,0,,,,gcc.trace.txt
16,8,32,,1,256,,0,1,,,,gcc.trace.txt
32,1,64,0.5338,8,512,0.3585,2,0,,0,,gcc.trace.txt
32,4,1024,0.1427,0,0,0.0,0,0,/Users/kaylaradu/GitHubRepos/GitNCSU/ECE492-MicroArch/traces/gcc_trace.txt,0,graph4_blocksize,gcc.trace.txt
16,2,32,0.5666,4,128,0.6179,1,1,,0,,gcc.trace.txt
16,4,16,,4,256,,0,2,,,,gcc.trace.txt
32,2,16,,1,128,,1,0,,,,gcc.trace.txt
16,8,32,,8,512,,0,0,,,,gcc.trace.txt
32,8,8,,2,512,,1,2,,,,gcc.trace.txt
16,4,16,,2,512,,2,1,,,,gcc.trace.txt
16,8,8192,0.0587,4,524288,0.8028,0,0,,0,,gcc.trace.txt
32,2,16,,4,512,,0,2,,,,gcc.trace.txt
16,1,32768,0.0591,4,131072,0.7969,0,0,,0,,gcc.trace.txt
16,8,8,,2,512,,0,1,,,,gcc.trace.txt
16,1,8,,8,128,,2,2,,,,gcc.trace.txt
16,8,64,,1,0,,0,2,,,,gcc.trace.txt
32,2,16,,2,256,,2,1,,,,gcc.trace.txt
32,4,524288,0.0258,0,0,0.0,0,0,/Users/kaylaradu/GitHubRepos/GitNCSU/ECE492-MicroArch/traces/gcc_trace.txt,0,graph1_size_assoc,gcc.trace.txt
16,1,32,0.5884,1,256,0.5143,1,2,,0,,gcc.trace.txt
16,4,8,,2,0,,2,0,,,,gcc.trace.txt
64,8,2048,0.0996,4,524288,0.1458,0,0,,0,,gcc.trace.txt
16,8,8,,4,256,,2,2,,,,gcc.trace.txt
16,2,16,,4,512,,0,2,,,,gcc.trace.txt
32,4,8,,8,128,,2,0,,,,gcc.trace.txt
16,2,16,,2,256,,2,1,,,,gcc.trace.txt
32,1,32,0.6165,1,256,0.5411,1,2,,0,,gcc.trace.txt
32,1,64,,1,0,,1,0,,,,gcc.trace.txt
64,8,1024,0.1473,4,262144,0.0986,0,0,,0,,gcc.trace.txt
32,2,4096,0.0753,8,16384,0.3688,0,0,,0,,gcc.trace.txt
32,4,8,,8,0,,2,1,,,,gcc.trace.txt
64,2,16384,0.026,8,262144,0.5585,0,0,,0,,gcc.trace.txt
16,1,64,0.4967,8,512,0.3915,2,0,,0,,gcc.trace.txt
32,2,16,,1,0,,2,1,,,,gcc.trace.txt
32,2,32,,1,0,,2,2,,,,gcc.trace.txt
32,4,16,,4,256,,0,2,,,,gcc.trace.txt
32,2,32,,4,128,,1,1,,,,gcc.trace.txt
64,4,32768,0.0156,8,524288,0.932,0,0,,0,,gcc.trace.txt
64,2,16384,0.026,2,131072,0.5627,0,0,,0,,gcc.trace.txt
16,2,16,,1,128,,1,0,,,,gcc.trace.txt
32,8,32,,8,512,,0,0,,,,gcc.trace.txt
16,1,8,,4,0,,2,2,,,,gcc.trace.txt
32,4,16,,2,512,,2,1,,,,gcc.trace.txt
16,2,32,,2,0,,0,2,,,,gcc.trace.txt
16,8,16,,4,256,,0,0,,,,gcc.trace.txt
32,2,64,,8,0,,2,2,,,,gcc.trace.txt
16,2,16,,2,0,,0,1,,,,gcc.trace.txt
16,1,64,0.4967,1,256,0.6092,2,1,,0,,gcc.trace.txt
16,8,1024,0.1401,8,524288,0.3365,0,0,,0,,gcc.trace.txt
16,1,16,0.6836,8,128,0.5052,0,0,,0,,gcc.trace.txt
32,8,32,,1,256,,0,1,,,,gcc.trace.txt
16,4,32,,8,512,,0,2,,,,gcc.trace.txt
32,4,8,,2,512,,1,0,,,,gcc.trace.txt
16,2,64,,4,0,,2,0,,,,gcc.trace.txt
16,1,32,,4,0,,1,2,,,,gcc.trace.txt
32,8,32768,0.0262,8,131072,0.9836,0,0,,0,,gcc.trace.txt
16,1,64,0.4967,2,128,0.745,1,0,,0,,gcc.trace.txt
16,1,16,,4,0,,1,1,,,,gcc.trace.txt
16,4,8,,4,256,,2,0,,,,gcc.trace.txt
32,4,16,,8,128,,1,1,,,,gcc.trace.txt
32,2,32,,8,256,,0,2,,,,gcc.trace.txt
16,2,64,0.4721,4,128,0.742,2,2,,0,,gcc.trace.txt
32,1,32,,8,0,,1,0,,,,gcc.trace.txt
32,8,32768,0.0262,2,262144,0.9844,0,0,,0,,gcc.trace.txt
64,4,2048,0.1033,0,0,0.0,0,0,/Users/kaylaradu/GitHubRepos/GitNCSU/ECE492-MicroArch/traces/gcc_trace.txt,0,graph4_blocksize,gcc.trace.txt
64,8,32768,0.015,4,131072,0.968,0,0,,0,,gcc.trace.txt
16,8,8,,2,0,,2,1,,,,gcc.trace.txt
32,1,64,0.5338,4,256,0.5349,1,0,,0,,gcc.trace.txt
32,8,8,,8,512,,0,1,,,,gcc.trace.txt
32,1,8,,2,128,,2,2,,,,gcc.trace.txt
32,2,64,0.5039,2,256,0.6074,2,2,,0,,gcc.trace.txt
32,2,8,,4,128,,1,0,,,,gcc.trace.txt
16,1,8,,1,256,,0,0,,,,gcc.trace.txt
16,2,8,,1,512,,1,1,,,,gcc.trace.txt
32,2,8,,1,512,,0,2,,,,gcc.trace.txt
32,8,16,,2,128,,0,0,,,,gcc.trace.txt
32,4,32,,8,128,,2,1,,,,gcc.trace.txt
32,2,8,,2,0,,2,0,,,,gcc.trace.txt
16,4,64,0.4645,4,256,0.5669,0,1,,0,,gcc.trace.txt
32,8,4096,0.0537,8,16384,0.5131,0,0,/Users/kaylaradu/GitHubRepos/GitNCSU/ECE492-MicroArch/traces/gcc_trace.txt,0,graph3_l2,gcc.trace.txt
16,8,8,,8,512,,1,2,,,,gcc.trace.txt
64,4,1024,0.1584,2,524288,0.0917,0,0,,0,,gcc.trace.txt
16,4,64,0.4645,2,512,0.456,2,2,,0,,gcc.trace.txt
16,1,32,0.5884,2,512,0.3607,0,0,,0,,gcc.trace.txt
32,1,8,,8,512,,1,2,,,,gcc.trace.txt
16,2,32,0.5666,2,256,0.5002,1,1,,0,,gcc.trace.txt
16,4,16,,2,128,,0,2,,,,gcc.trace.txt
32,1,16,,1,256,,2,2,,,,gcc.trace.txt
32,2,16384,0.0338,4,262144,0.763,0,0,,0,,gcc.trace.txt
16,8,32,,2,0,,1,1,,,,gcc.trace.txt
16,8,16,,2,0,,1,2,,,,gcc.trace.txt
32,8,524288,0.0258,0,0,0.0,0,0,/Users/kaylaradu/GitHubRepos/GitNCSU/ECE492-MicroArch/traces/gcc_trace.txt,0,graph1_size_assoc,gcc.trace.txt
32,4,32768,0.0264,4,524288,0.978,0,0,,0,,gcc.trace.txt
32,4,32,,4,0,,0,1,,,,gcc.trace.txt
32,4,32,,2,512,,1,1,,,,gcc.trace.txt
32,8,8,,1,256,,0,0,,,,gcc.trace.txt
32,4,16,,4,0,,0,2,,,,gcc.trace.txt
16,2,32,0.5666,1,128,0.691,2,0,,0,,gcc.trace.txt
16,4,64,0.4645,8,128,0.7483,1,2,,0,,gcc.trace.txt
16,2,8,,8,256,,1,0,,,,gcc.trace.txt
32,2,16,,4,128,,2,1,,,,gcc.trace.txt
16,4,1024,0.1473,4,131072,0.3199,0,0,,0,,gcc.trace.txt
16,4,16,,8,0,,0,0,,,,gcc.trace.txt
16,8,8,,2,128,,2,2,,,,gcc.trace.txt
16,4,32768,0.0475,0,0,0.0,0,0,,0,,gcc.trace.txt
32,1,1024,0.1935,4,262144,0.1335,0,0,,0,,gcc.trace.txt
16,1,8,,8,512,,0,1,,,,gcc.trace.txt
16,4,32,,2,512,,1,1,,,,gcc.trace.txt
32,2,16,,4,0,,1,0,,,,gcc.trace.txt
16,2,4096,0.0875,8,262144,0.5386,0,0,,0,,gcc.trace.txt
32,2,32,,1,128,,2,0,,,,gcc.trace.txt
16,2,16,,8,0,,1,2,,,,gcc.trace.txt
16,2,16,,4,128,,2,1,,,,gcc.trace.txt
16,2,32,,8,0,,1,1,,,,gcc.trace.txt
16,2,4096,0.0875,2,131072,0.5394,0,0,,0,,gcc.trace.txt
32,1,2048,0.1477,4,524288,0.1748,0,0,,0,,gcc.trace.txt
32,1,32,0.6165,2,512,0.3575,0,0,,0,,gcc.trace.txt
32,1,16,,2,0,,0,0,,,,gcc.trace.txt
32,4,16,,2,128,,0,2,,,,gcc.trace.txt
32,2,32,,2,256,,1,1,,,,gcc.trace.txt
16,1,16,0.6836,1,256,0.4426,2,2,,0,,gcc.trace.txt
32,1,64,,4,0,,2,1,,,,gcc.trace.txt
16,8,64,,2,512,,2,0,,,,gcc.trace.txt
16,4,8,,8,512,,1,0,,,,gcc.trace.txt
64,4,2048,0.1033,8,131072,0.1406,0,0,,0,,gcc.trace.txt
16,2,8,,8,0,,2,1,,,,gcc.trace.txt
16,8,16,,2,128,,0,0,,,,gcc.trace.txt
16,4,8192,0.0595,2,262144,0.7931,0,0,,0,,gcc.trace.txt
32,1,8192,0.067,2,131072,0.3866,0,0,,0,,gcc.trace.txt
16,4,32,,8,128,,2,1,,,,gcc.trace.txt
16,1,16,,1,0,,2,0,,,,gcc.trace.txt
32,1,8192,0.067,8,262144,0.3854,0,0,,0,,gcc.trace.txt
64,2,4096,0.0784,4,524288,0.1852,0,0,,0,,gcc.trace.txt
16,4,8,,1,256,,1,1,,,,gcc.trace.txt
16,4,8192,0.0595,8,131072,0.7928,0,0,,0,,gcc.trace.txt
64,4,2048,0.1033,2,262144,0.1408,0,0,,0,,gcc.trace.txt
16,2,64,0.4721,4,512,0.4183,0,1,,0,,gcc.trace.txt
64,1,1024,0.2149,0,0,0.0,0,0,,0,,gcc.trace.txt
32,8,8,,8,0,,2,0,,,,gcc.trace.txt
16,1,64,0.4967,4,256,0.5289,1,0,,0,,gcc.trace.txt
32,4,8,,1,256,,0,2,,,,gcc.trace.txt
16,2,64,0.4721,2,256,0.5958,2,2,,0,,gcc.trace.txt
16,4,8,,2,128,,2,0,,,,gcc.trace.txt
16,8,64,,8,128,,1,0,,,,gcc.trace.txt
16,2,64,,1,0,,1,1,,,,gcc.trace.txt
32,8,4096,0.0537,0,0,0.0,0,0,/Users/kaylaradu/GitHubRepos/GitNCSU/ECE492-MicroArch/traces/gcc_trace.txt,0,graph1_size_assoc,gcc.trace.txt
32,8,16,,4,256,,2,2,,,,gcc.trace.txt
16,2,2048,0.1183,2,131072,0.3991,0,0,,0,,gcc.trace.txt
32,1,4096,0.1002,4,524288,0.2578,0,0,,0,,gcc.trace.txt
64,2,8192,0.0455,8,262144,0.3191,0,0,,0,,gcc.trace.txt
16,2,8,,2,256,,2,1,,,,gcc.trace.txt
16,4,64,,4,0,,1,0,,,,gcc.trace.txt
32,1,16,,8,128,,2,2,,,,gcc.trace.txt
32,8,16,,2,512,,0,1,,,,gcc.trace.txt
32,4,32,,8,512,,2,0,,,,gcc.trace.txt
64,2,8192,0.0455,2,131072,0.3208,0,0,,0,,gcc.trace.txt
16,2,8,,4,512,,0,2,,,,gcc.trace.txt
16,2,2048,0.1183,8,262144,0.3985,0,0,,0,,gcc.trace.txt
32,2,8,,4,512,,1,1,,,,gcc.trace.txt
16,2,8,,1,128,,1,0,,,,gcc.trace.txt
32,1,8,,4,256,,0,0,,,,gcc.trace.txt
16,4,64,0.4645,1,256,0.6257,1,2,,0,,gcc.trace.txt
16,8,32,,8,0,,2,0,,,,gcc.trace.txt
16,2,32,0.5666,8,256,0.4543,2,0,,0,,gcc.trace.txt
32,2,64,0.5039,4,128,0.8013,0,0,,0,,gcc.trace.txt
32,8,16,,4,0,,2,1,,,,gcc.trace.txt
32,8,32,,4,0,,2,2,,,,gcc.trace.txt
16,8,32,,2,128,,1,2,,,,gcc.trace.txt
32,8,8,,8,128,,0,0,,,,gcc.trace.txt
32,2,16,,4,512,,2,0,,,,gcc.trace.txt
64,4,4096,0.0619,2,262144,0.2349,0,0,,0,,gcc.trace.txt
64,2,2048,0.1158,4,524288,0.1253,0,0,,0,,gcc.trace.txt
16,1,8,,8,128,,0,0,,,,gcc.trace.txt
16,8,64,,1,0,,2,0,,,,gcc.trace.txt
16,4,8,,2,0,,0,2,,,,gcc.trace.txt
16,2,8192,0.0638,4,524288,0.7391,0,0,,0,,gcc.trace.txt
32,4,32,,2,128,,1,0,,,,gcc.trace.txt
64,4,4096,0.0619,8,131072,0.2346,0,0,,0,,gcc.trace.txt
32,2,8,,8,0,,1,1,,,,gcc.trace.txt
16,2,32,0.5666,1,512,0.4294,2,1,,0,,gcc.trace.txt
16,8,8,,4,256,,0,0,,,,gcc.trace.txt
32,1,16,,2,512,,1,2,,,,gcc.trace.txt
32,4,32,,1,0,,1,2,,,,gcc.trace.txt
32,1,64,0.5338,8,512,0.3585,0,2,,0,,gcc.trace.txt
16,4,16,,4,256,,2,0,,,,gcc.trace.txt
32,4,16,,1,0,,1,1,,,,gcc.trace.txt
16,8,8,,8,0,,1,0,,,,gcc.trace.txt
32,4,32,,1,256,,2,1,,,,gcc.trace.txt
16,8,32,,8,512,,2,2,,,,gcc.trace.txt
16,1,32,0.5884,2,128,0.6289,0,1,,0,,gcc.trace.txt
16,1,64,0.4967,8,512,0.3915,0,2,,0,,gcc.trace.txt
16,8,64,,2,128,,2,1,,,,gcc.trace.txt
64,8,16384,0.0196,2,131072,0.7467,0,0,,0,,gcc.trace.txt
32,2,32,,1,0,,0,0,,,,gcc.trace.txt
32,4,16,,4,256,,2,0,,,,gcc.trace.txt
16,4,8,,8,128,,1,1,,,,gcc.trace.txt
64,8,16384,0.0196,8,262144,0.7416,0,0,,0,,gcc.trace.txt
32,8,32,,8,512,,2,2,,,,gcc.trace.txt
16,4,32,,1,256,,2,1,,,,gcc.trace.txt
32,1,32,0.6165,2,128,0.6706,0,1,,0,,gcc.trace.txt
16,1,8,,4,0,,0,0,,,,gcc.trace.txt
32,8,8,,2,0,,1,1,,,,gcc.trace.txt
16,2,16,,4,512,,2,0,,,,gcc.trace.txt
16,8,64,,1,256,,1,0,,,,gcc.trace.txt
64,2,1024,0.1714,4,262144,0.0847,0,0,,0,,gcc.trace.txt
16,4,32,,2,128,,1,0,,,,gcc.trace.txt
32,4,8,,8,128,,0,2,,,,gcc.trace.txt
16,2,8,,2,0,,1,0,,,,gcc.trace.txt
32,2,32,,1,512,,2,1,,,,gcc.trace.txt
16,1,16,0.6836,2,512,0.3104,1,2,,0,,gcc.trace.txt
16,4,8,,2,512,,2,1,,,,gcc.trace.txt
32,2,32768,0.0288,2,262144,0.8973,0,0,,0,,gcc.trace.txt
16,8,64,,8,512,,1,1,,,,gcc.trace.txt
16,4,8,,4,256,,0,2,,,,gcc.trace.txt
32,2,32,,8,256,,2,0,,,,gcc.trace.txt
16,2,64,0.4721,4,128,0.742,0,0,,0,,gcc.trace.txt
32,8,32,,2,128,,1,2,,,,gcc.trace.txt
16,1,64,,2,0,,1,2,,,,gcc.trace.txt
32,2,32768,0.0288,8,131072,0.8962,0,0,,0,,gcc.trace.txt
32,4,16384,0.0283,2,524288,0.9117,0,0,,0,,gcc.trace.txt
16,2,64,0.4721,1,512,0.5111,1,2,,0,,gcc.trace.txt
16,2,32,,2,0,,2,0,,,,gcc.trace.txt
16,8,16,,4,256,,2,2,,,,gcc.trace.txt
32,2,64,,8,0,,0,0,,,,gcc.trace.txt
32,4,8,,4,256,,1,1,,,,gcc.trace.txt
16,1,16,0.6836,8,128,0.5052,2,2,,0,,gcc.trace.txt
16,8,16,,2,512,,0,1,,,,gcc.trace.txt
16,2,64,,4,0,,0,2,,,,gcc.trace.txt
16,4,32,,8,512,,2,0,,,,gcc.trace.txt
16,2,1024,0.16,8,524288,0.2945,0,0,,0,,gcc.trace.txt
16,8,16,,2,512,,1,1,,,,gcc.trace.txt
32,2,1024,0.156,2,262144,0.1656,0,0,,0,,gcc.trace.txt
32,4,8,,2,512,,2,2,,,,gcc.trace.txt
16,2,64,,4,0,,1,2,,,,gcc.trace.txt
16,2,64,0.4721,1,512,0.5111,0,2,,0,,gcc.trace.txt
32,4,8,,4,256,,0,1,,,,gcc.trace.txt
32,2,1024,0.156,8,131072,0.1655,0,0,,0,,gcc.trace.txt
32,2,64,,8,0,,1,0,,,,gcc.trace.txt
32,1,32,,8,0,,2,2,,,,gcc.trace.txt
16,2,64,0.4721,4,128,0.742,1,0,,0,,gcc.trace.txt
16,4,8,,4,256,,1,2,,,,gcc.trace.txt
32,1,16384,0.0461,8,131072,0.5602,0,0,,0,,gcc.trace.txt
16,1,64,,2,0,,0,2,,,,gcc.trace.txt
32,1,16,,8,0,,2,1,,,,gcc.trace.txt
32,8,32,,2,128,,0,2,,,,gcc.trace.txt
32,1,32,0.6165,8,512,0.3103,2,1,,0,,gcc.trace.txt
16,1,32,,4,0,,2,0,,,,gcc.trace.txt
16,1,64,0.4967,2,128,0.745,2,2,,0,,gcc.trace.txt
16,8,64,,8,512,,0,1,,,,gcc.trace.txt
32,1,16384,0.0461,2,262144,0.5606,0,0,,0,,gcc.trace.txt
32,1,64,,1,0,,2,2,,,,gcc.trace.txt
16,4,32,,2,128,,0,0,,,,gcc.trace.txt
32,4,8,,8,128,,1,2,,,,gcc.trace.txt
32,1,32,0.6165,1,256,0.5411,2,0,,0,,gcc.trace.txt
16,1,16,0.6836,2,512,0.3104,0,2,,0,,gcc.trace.txt
16,8,16,,8,128,,2,1,,,,gcc.trace.txt
16,2,8,,2,0,,0,0,,,,gcc.trace.txt
16,8,64,,1,256,,0,0,,,,gcc.trace.txt
16,1,16,0.6836,4,256,0.3842,2,1,,0,,gcc.trace.txt
32,1,32,0.6165,2,128,0.6706,1,1,,0,,gcc.trace.txt
16,2,16,,1,128,,2,2,,,,gcc.trace.txt
32,8,8,,2,0,,0,1,,,,gcc.trace.txt
16,1,8,,4,0,,1,0,,,,gcc.trace.txt
16,1,64,0.4967,8,512,0.3915,1,2,,0,,gcc.trace.txt
16,4,8,,8,128,,0,1,,,,gcc.trace.txt
32,8,1024,0.1363,0,0,0.0,0,0,/Users/kaylaradu/GitHubRepos/GitNCSU/ECE492-MicroArch/traces/gcc_trace.txt,0,graph1_size_assoc,gcc.trace.txt
32,2,32,,1,0,,1,0,,,,gcc.trace.txt
16,1,32,0.5884,2,128,0.6289,1,1,,0,,gcc.trace.txt
32,8,8,,2,512,,2,0,,,,gcc.trace.txt
32,2,16,,1,128,,2,2,,,,gcc.trace.txt
16,8,8,,8,0,,0,0,,,,gcc.trace.txt
32,1,64,0.5338,8,512,0.3585,1,2,,0,,gcc.trace.txt
32,4,32,,1,0,,0,2,,,,gcc.trace.txt
32,4,16,,1,0,,0,1,,,,gcc.trace.txt
32,2,8,,8,0,,0,1,,,,gcc.trace.txt
16,8,16384,0.0477,4,131072,0.9878,0,0,,0,,gcc.trace.txt
32,4,32,,2,128,,0,0,,,,gcc.trace.txt
64,1,4096,0.1021,2,524288,0.1422,0,0,,0,,gcc.trace.txt
16,4,8,,2,0,,1,2,,,,gcc.trace.txt
16,1,32,0.5884,1,256,0.5143,2,0,,0,,gcc.trace.txt
32,1,16,,2,512,,0,2,,,,gcc.trace.txt
16,8,8,,4,256,,1,0,,,,gcc.trace.txt
32,8,16,,8,128,,2,1,,,,gcc.trace.txt
32,2,8192,0.0473,4,131072,0.5454,0,0,,0,,gcc.trace.txt
64,1,8192,0.0658,0,0,0.0,0,0,,0,,gcc.trace.txt
32,1,16,,4,256,,2,1,,,,gcc.trace.txt
16,1,8,,8,128,,1,0,,,,gcc.trace.txt
32,2,64,0.5039,4,128,0.8013,1,0,,0,,gcc.trace.txt
32,2,8,,2,256,,2,2,,,,gcc.trace.txt
16,8,32,,2,128,,0,2,,,,gcc.trace.txt
32,8,8,,8,128,,1,0,,,,gcc.trace.txt
16,1,32,0.5884,8,512,0.3305,2,1,,0,,gcc.trace.txt
32,2,8,,4,512,,0,1,,,,gcc.trace.txt
32,1,64,0.5338,2,128,0.7745,2,2,,0,,gcc.trace.txt
16,4,64,0.4645,1,256,0.6257,0,2,,0,,gcc.trace.txt
16,4,32768,0.0475,0,0,0.0,0,0,/Users/kaylaradu/GitHubRepos/GitNCSU/ECE492-MicroArch/traces/gcc_trace.txt,0,graph4_blocksize,gcc.trace.txt
32,1,8,,4,256,,1,0,,,,gcc.trace.txt
16,2,8,,1,128,,0,0,,,,gcc.trace.txt
32,8,16,,2,512,,1,1,,,,gcc.trace.txt
16,4,64,,4,0,,0,0,,,,gcc.trace.txt
16,1,4096,0.1102,4,131072,0.4275,0,0,,0,,gcc.trace.txt
16,2,8,,4,512,,1,2,,,,gcc.trace.txt
32,2,2048,0.1071,2,524288,0.241,0,0,,0,,gcc.trace.txt
32,4,4096,0.0599,4,262144,0.4309,0,0,,0,,gcc.trace.txt
16,1,8,,2,512,,2,0,,,,gcc.trace.txt
16,4,16,,2,0,,2,1,,,,gcc.trace.txt
16,4,32,,2,0,,2,2,,,,gcc.trace.txt
32,8,32,,4,256,,2,0,,,,gcc.trace.txt
16,2,64,,1,0,,0,1,,,,gcc.trace.txt
16,8,64,,8,128,,0,0,,,,gcc.trace.txt
32,4,16,,8,512,,2,2,,,,gcc.trace.txt
16,8,16,,1,256,,2,1,,,,gcc.trace.txt
32,2,2048,0.1071,8,16384,0.2585,0,0,,0,,gcc.trace.txt
16,2,64,0.4721,4,512,0.4183,1,1,,0,,gcc.trace.txt
32,1,32,,8,128,,2,0,,,,gcc.trace.txt
32,4,8,,1,256,,1,2,,,,gcc.trace.txt
16,1,64,0.4967,4,256,0.5289,0,0,,0,,gcc.trace.txt
16,8,32768,0.0475,2,131072,0.9939,0,0,,0,,gcc.trace.txt
16,4,8,,1,256,,0,1,,,,gcc.trace.txt
64,2,16384,0.026,0,0,0.0,0,0,,0,,gcc.trace.txt
16,1,8192,0.0839,2,524288,0.5614,0,0,,0,,gcc.trace.txt
64,1,2048,0.1612,2,524288,0.0901,0,0,,0,,gcc.trace.txt
32,4,8,,2,0,,2,2,,,,gcc.trace.txt
16,8,16,,2,128,,1,0,,,,gcc.trace.txt
16,8,32768,0.0475,8,262144,0.993,0,0,,0,,gcc.trace.txt
32,4,8192,0.0425,8,524288,0.608,0,0,,0,,gcc.trace.txt
16,2,16,,8,256,,2,2,,,,gcc.trace.txt
16,4,8,,8,512,,0,0,,,,gcc.trace.txt
32,2,32,,4,512,,2,2,,,,gcc.trace.txt
32,1,16,,2,0,,1,0,,,,gcc.trace.txt
32,1,32,0.6165,2,512,0.3575,1,0,,0,,gcc.trace.txt
32,2,32,,2,256,,0,1,,,,gcc.trace.txt
32,4,16,,2,128,,1,2,,,,gcc.trace.txt
16,4,32,,4,256,,2,2,,,,gcc.trace.txt
16,2,16,,8,0,,0,2,,,,gcc.trace.txt
32,2,64,,2,0,,2,1,,,,gcc.trace.txt
64,1,8192,0.0658,4,131072,0.2206,0,0,,0,,gcc.trace.txt
16,2,32,,8,0,,0,1,,,,gcc.trace.txt
32,2,16,,4,0,,0,0,,,,gcc.trace.txt
16,4,32,,2,512,,0,1,,,,gcc.trace.txt
16,8,16,,8,512,,2,0,,,,gcc.trace.txt
32,4,2048,0.0962,4,262144,0.2683,0,0,,0,,gcc.trace.txt
16,1,2048,0.1506,4,131072,0.313,0,0,,0,,gcc.trace.txt
32,2,4096,0.0753,2,524288,0.343,0,0,,0,,gcc.trace.txt
32,4,32,,4,256,,2,2,,,,gcc.trace.txt
16,2,8,,8,256,,0,0,,,,gcc.trace.txt
16,4,64,0.4645,8,128,0.7483,0,2,,0,,gcc.trace.txt
16,1,8,,8,512,,1,1,,,,gcc.trace.txt
16,4,16,,8,0,,1,0,,,,gcc.trace.txt
32,8,8,,1,256,,1,0,,,,gcc.trace.txt
32,4,32,,2,512,,0,1,,,,gcc.trace.txt
32,4,32,,4,0,,1,1,,,,gcc.trace.txt
32,8,16,,8,512,,2,0,,,,gcc.trace.txt
32,4,16,,4,0,,1,2,,,,gcc.trace.txt
32,4,1024,0.1427,4,524288,0.1809,0,0,,0,,gcc.trace.txt
16,8,32,,2,0,,0,1,,,,gcc.trace.txt
16,1,1024,1.0,0,0,0.0,4,4,/Users/kaylaradu/GitHubRepos/GitNCSU/ECE492-MicroArch/traces/stream_trace.txt,0,stream_prefetch_buffers,stream.trace.txt
16,2,32,0.5666,4,512,0.3493,2,2,,0,,gcc.trace.txt
16,8,16,,2,0,,0,2,,,,gcc.trace.txt
32,8,8,,2,128,,2,1,,,,gcc.trace.txt
16,1,32,0.5884,2,512,0.3607,1,0,,0,,gcc.trace.txt
32,1,8,,8,512,,0,2,,,,gcc.trace.txt
32,1,32768,0.0377,4,262144,0.6852,0,0,,0,,gcc.trace.txt
16,4,16,,2,128,,1,2,,,,gcc.trace.txt
16,2,32,0.5666,2,256,0.5002,0,1,,0,,gcc.trace.txt
32,8,16,,1,0,,2,2,,,,gcc.trace.txt
64,1,1024,0.2149,8,131072,0.0676,0,0,,0,,gcc.trace.txt
16,8,8,,8,512,,0,2,,,,gcc.trace.txt
16,1,8,,2,128,,2,1,,,,gcc.trace.txt
32,8,32,,1,0,,2,1,,,,gcc.trace.txt
64,1,1024,0.2149,2,262144,0.0677,0,0,,0,,gcc.trace.txt
32,2,8,,1,512,,1,2,,,,gcc.trace.txt
32,8,16,,2,128,,1,0,,,,gcc.trace.txt
16,4,64,0.4645,4,256,0.5669,1,1,,0,,gcc.trace.txt
32,2,16,,8,256,,2,2,,,,gcc.trace.txt
16,1,8,,1,256,,1,0,,,,gcc.trace.txt
32,2,8,,4,128,,0,0,,,,gcc.trace.txt
16,2,8,,1,512,,0,1,,,,gcc.trace.txt
16,8,32,,4,256,,2,0,,,,gcc.trace.txt
32,8,16,,1,256,,2,1,,,,gcc.trace.txt
16,4,16,,8,512,,2,2,,,,gcc.trace.txt
16,1,32,0.5884,8,128,0.5851,2,0,,0,,gcc.trace.txt
32,8,8,,8,512,,1,1,,,,gcc.trace.txt
32,1,64,0.5338,4,256,0.5349,0,0,,0,,gcc.trace.txt
32,1,8,,4,0,,2,0,,,,gcc.trace.txt
16,8,32,,4,256,,0,0,,,,gcc.trace.txt
16,2,8,,1,512,,2,1,,,,gcc.trace.txt
32,2,64,0.5039,2,256,0.6074,1,2,,0,,gcc.trace.txt
32,2,8,,4,128,,2,0,,,,gcc.trace.txt
16,8,8,,2,0,,1,1,,,,gcc.trace.txt
32,1,64,0.5338,4,256,0.5349,2,0,,0,,gcc.trace.txt
32,1,8,,4,0,,0,0,,,,gcc.trace.txt
16,4,8192,0.0595,0,0,0.0,0,0,/Users/kaylaradu/GitHubRepos/GitNCSU/ECE492-MicroArch/traces/gcc_trace.txt,0,graph4_blocksize,gcc.trace.txt
16,1,32,0.5884,8,128,0.5851,0,0,,0,,gcc.trace.txt
32,1,8,,2,128,,1,2,,,,gcc.trace.txt
32,8,16,,1,256,,0,1,,,,gcc.trace.txt
16,4,16,,8,512,,0,2,,,,gcc.trace.txt
32,8,32,,1,0,,0,1,,,,gcc.trace.txt
16,4,64,0.4645,2,512,0.456,1,2,,0,,gcc.trace.txt
16,1,8,,2,128,,0,1,,,,gcc.trace.txt
64,2,2048,0.1158,4,131072,0.1253,0,0,,0,,gcc.trace.txt
16,8,8,,8,512,,2,2,,,,gcc.trace.txt
32,8,16,,1,0,,0,2,,,,gcc.trace.txt
32,4,32,,8,128,,1,1,,,,gcc.trace.txt
32,2,16,,8,256,,0,2,,,,gcc.trace.txt
32,2,8,,2,0,,1,0,,,,gcc.trace.txt
64,4,4096,0.0619,8,524288,0.2346,0,0,,0,,gcc.trace.txt
16,2,8192,0.0638,4,131072,0.7391,0,0,,0,,gcc.trace.txt
16,8,16,,2,0,,2,2,,,,gcc.trace.txt
16,2,32,0.5666,4,512,0.3493,0,2,,0,,gcc.trace.txt
16,8,32,,2,0,,2,1,,,,gcc.trace.txt
16,2,32,0.5666,2,256,0.5002,2,1,,0,,gcc.trace.txt
32,1,16,,1,256,,1,2,,,,gcc.trace.txt
32,1,8,,8,512,,2,2,,,,gcc.trace.txt
32,8,8,,2,128,,0,1,,,,gcc.trace.txt
16,4,4096,0.0755,4,262144,0.6239,0,0,,0,,gcc.trace.txt
16,2,2048,0.1183,2,524288,0.3985,0,0,,0,,gcc.trace.txt
16,8,8,,2,128,,1,2,,,,gcc.trace.txt
32,1,4096,0.1002,4,131072,0.2578,0,0,,0,,gcc.trace.txt
16,4,64,0.4645,8,128,0.7483,2,2,,0,,gcc.trace.txt
32,4,32,,4,256,,0,2,,,,gcc.trace.txt
32,2,16,,4,128,,1,1,,,,gcc.trace.txt
16,2,8,,8,256,,2,0,,,,gcc.trace.txt
64,2,8192,0.0455,2,524288,0.3191,0,0,,0,,gcc.trace.txt
16,2,32,0.5666,1,128,0.691,1,0,,0,,gcc.trace.txt
32,8,16,,8,512,,0,0,,,,gcc.trace.txt
32,4,32,,2,512,,2,1,,,,gcc.trace.txt
16,2,32,,8,0,,2,1,,,,gcc.trace.txt
16,2,1024,0.16,2,262144,0.2947,0,0,,0,,gcc.trace.txt
32,2,64,,2,0,,0,1,,,,gcc.trace.txt
16,2,16,,8,0,,2,2,,,,gcc.trace.txt
16,2,16,,4,128,,1,1,,,,gcc.trace.txt
32,4,16384,0.0283,0,0,0.0,0,0,/Users/kaylaradu/GitHubRepos/GitNCSU/ECE492-MicroArch/traces/gcc_trace.txt,0,graph4_blocksize,gcc.trace.txt
16,4,32,,4,256,,0,2,,,,gcc.trace.txt
16,2,1024,0.16,8,131072,0.2945,0,0,,0,,gcc.trace.txt
32,2,32,,1,128,,1,0,,,,gcc.trace.txt
16,8,16,,8,512,,0,0,,,,gcc.trace.txt
16,4,32,,2,512,,2,1,,,,gcc.trace.txt
32,2,16,,4,0,,2,0,,,,gcc.trace.txt
16,4,8,,8,512,,2,0,,,,gcc.trace.txt
32,2,32,,4,512,,0,2,,,,gcc.trace.txt
32,4,16384,0.0283,8,262144,0.9117,0,0,,0,,gcc.trace.txt
32,1,64,,4,0,,1,1,,,,gcc.trace.txt
16,8,64,,2,512,,1,0,,,,gcc.trace.txt
32,2,32,,2,256,,2,1,,,,gcc.trace.txt
32,4,16384,0.0283,2,131072,0.9153,0,0,,0,,gcc.trace.txt
16,1,16,0.6836,1,256,0.4426,1,2,,0,,gcc.trace.txt
32,2,32768,0.0288,8,524288,0.8962,0,0,,0,,gcc.trace.txt
32,4,1024,0.1427,8,32768,0.184,0,0,/Users/kaylaradu/GitHubRepos/GitNCSU/ECE492-MicroArch/traces/gcc_trace.txt,0,graph5_l2size,gcc.trace.txt
16,4,8,,1,256,,2,1,,,,gcc.trace.txt
16,2,16,,8,256,,0,2,,,,gcc.trace.txt
16,4,32,,8,128,,1,1,,,,gcc.trace.txt
32,8,32768,0.0262,0,0,0.0,0,0,,0,,gcc.trace.txt
16,1,16,,1,0,,1,0,,,,gcc.trace.txt
16,2,8,,8,0,,1,1,,,,gcc.trace.txt
32,4,8,,2,0,,0,2,,,,gcc.trace.txt
16,8,64,,8,128,,2,0,,,,gcc.trace.txt
32,8,32,,4,256,,0,0,,,,gcc.trace.txt
16,2,64,,1,0,,2,1,,,,gcc.trace.txt
16,2,64,0.4721,2,256,0.5958,1,2,,0,,gcc.trace.txt
64,8,16384,0.0196,2,524288,0.7416,0,0,,0,,gcc.trace.txt
16,4,8,,2,128,,1,0,,,,gcc.trace.txt
16,1,64,0.4967,4,256,0.5289,2,0,,0,,gcc.trace.txt
32,1,32,,8,128,,0,0,,,,gcc.trace.txt
32,8,8,,8,0,,1,0,,,,gcc.trace.txt
32,4,16,,8,512,,0,2,,,,gcc.trace.txt
16,8,16,,1,256,,0,1,,,,gcc.trace.txt
32,4,32,,8,512,,1,0,,,,gcc.trace.txt
16,4,64,,4,0,,2,0,,,,gcc.trace.txt
32,1,16,,8,128,,1,2,,,,gcc.trace.txt
16,4,32,,2,0,,0,2,,,,gcc.trace.txt
16,4,1024,0.1473,4,524288,0.3199,0,0,,0,,gcc.trace.txt
16,2,8,,2,256,,1,1,,,,gcc.trace.txt
16,4,16,,2,0,,0,1,,,,gcc.trace.txt
32,8,16,,4,256,,1,2,,,,gcc.trace.txt
16,1,8,,2,512,,0,0,,,,gcc.trace.txt
16,1,32,0.5884,8,512,0.3305,0,1,,0,,gcc.trace.txt
32,8,32,,4,0,,1,2,,,,gcc.trace.txt
16,8,32,,2,128,,2,2,,,,gcc.trace.txt
16,2,32,0.5666,8,256,0.4543,1,0,,0,,gcc.trace.txt
32,2,8,,2,256,,0,2,,,,gcc.trace.txt
32,8,16,,4,0,,1,1,,,,gcc.trace.txt
16,2,8,,1,128,,2,0,,,,gcc.trace.txt
32,16384,524288,0.0258,0,0,0.0,0,0,/Users/kaylaradu/GitHubRepos/GitNCSU/ECE492-MicroArch/traces/gcc_trace.txt,0,graph1_size_assoc,gcc.trace.txt
32,4,32768,0.0264,4,131072,0.978,0,0,,0,,gcc.trace.txt
16,4,64,0.4645,1,256,0.6257,2,2,,0,,gcc.trace.txt
32,1,64,0.5338,2,128,0.7745,0,2,,0,,gcc.trace.txt
16,8,32,,8,0,,1,0,,,,gcc.trace.txt
32,2,8,,4,512,,2,1,,,,gcc.trace.txt
16,2,32,0.5666,1,512,0.4294,1,1,,0,,gcc.trace.txt
32,8,16,,8,128,,0,1,,,,gcc.trace.txt
32,1,16,,2,512,,2,2,,,,gcc.trace.txt
16,1,32,0.5884,1,256,0.5143,0,0,,0,,gcc.trace.txt
32,4,32,,2,128,,2,0,,,,gcc.trace.txt
32,2,8,,8,0,,2,1,,,,gcc.trace.txt
64,4,1024,0.1584,8,262144,0.0917,0,0,,0,,gcc.trace.txt
32,8,8192,0.0395,0,0,0.0,0,0,,0,,gcc.trace.txt
32,1,16,,4,256,,0,1,,,,gcc.trace.txt
16,8,64,,1,0,,1,0,,,,gcc.trace.txt
32,2,16,,4,512,,1,0,,,,gcc.trace.txt
64,4,1024,0.1584,2,131072,0.0922,0,0,,0,,gcc.trace.txt
64,8,32768,0.015,4,524288,0.968,0,0,,0,,gcc.trace.txt
16,8,8,,8,0,,2,0,,,,gcc.trace.txt
16,8,32,,8,512,,1,2,,,,gcc.trace.txt
32,2,16,,1,128,,0,2,,,,gcc.trace.txt
32,8,8,,2,512,,0,0,,,,gcc.trace.txt
32,4,32,,1,256,,1,1,,,,gcc.trace.txt
16,4,16,,4,256,,1,0,,,,gcc.trace.txt
32,4,16,,1,0,,2,1,,,,gcc.trace.txt
32,4,32,,1,0,,2,2,,,,gcc.trace.txt
32,8,8,,2,0,,2,1,,,,gcc.trace.txt
16,4,32,,1,256,,1,1,,,,gcc.trace.txt
32,8,32,,8,512,,1,2,,,,gcc.trace.txt
16,2,16,,1,128,,0,2,,,,gcc.trace.txt
16,4,8,,8,128,,2,1,,,,gcc.trace.txt
32,4,16,,4,256,,1,0,,,,gcc.trace.txt
16,8,64,,2,128,,1,1,,,,gcc.trace.txt
32,2,32,,1,512,,1,1,,,,gcc.trace.txt
16,8,16,,8,128,,0,1,,,,gcc.trace.txt
16,2,8,,2,0,,2,0,,,,gcc.trace.txt
16,1,16,0.6836,2,512,0.3104,2,2,,0,,gcc.trace.txt
32,1,8192,0.067,2,524288,0.3854,0,0,,0,,gcc.trace.txt
32,1,32,0.6165,1,256,0.5411,0,0,,0,,gcc.trace.txt
16,4,32,,2,128,,2,0,,,,gcc.trace.txt
64,4,2048,0.1033,8,524288,0.1406,0,0,,0,,gcc.trace.txt
16,8,8192,0.0587,0,0,0.0,0,0,,0,,gcc.trace.txt
32,1,64,,1,0,,0,2,,,,gcc.trace.txt
16,1,16,0.6836,4,256,0.3842,0,1,,0,,gcc.trace.txt
16,4,8192,0.0595,8,524288,0.7928,0,0,,0,,gcc.trace.txt
16,2,16,,4,512,,1,0,,,,gcc.trace.txt
16,8,64,,1,256,,2,0,,,,gcc.trace.txt
64,2,4096,0.0784,4,131072,0.1852,0,0,,0,,gcc.trace.txt
32,1,32,0.6165,8,512,0.3103,0,1,,0,,gcc.trace.txt
32,8,32,,2,128,,2,2,,,,gcc.trace.txt
32,1,16,,8,0,,0,1,,,,gcc.trace.txt
16,1,64,,2,0,,2,2,,,,gcc.trace.txt
32,2,32,,8,256,,1,0,,,,gcc.trace.txt
32,1,32,,8,0,,0,2,,,,gcc.trace.txt
16,8,64,,8,512,,2,1,,,,gcc.trace.txt
16,1,64,0.4967,2,128,0.745,0,2,,0,,gcc.trace.txt
16,1,32,,4,0,,0,0,,,,gcc.trace.txt
16,4,8,,2,512,,1,1,,,,gcc.trace.txt
32,2,4096,0.0753,8,16384,0.3688,0,0,/Users/kaylaradu/GitHubRepos/GitNCSU/ECE492-MicroArch/traces/gcc_trace.txt,0,graph3_l2,gcc.trace.txt
64,4,8192,0.0386,4,262144,0.3763,0,0,,0,,gcc.trace.txt
32,4,2048,0.0962,8,32768,0.2728,0,0,/Users/kaylaradu/GitHubRepos/GitNCSU/ECE492-MicroArch/traces/gcc_trace.txt,0,graph5_l2size,gcc.trace.txt
16,4,32,,8,512,,1,0,,,,gcc.trace.txt
32,4,8,,2,512,,0,2,,,,gcc.trace.txt
16,1,16,0.6836,8,128,0.5052,1,2,,0,,gcc.trace.txt
16,2,4096,0.0875,2,524288,0.5386,0,0,,0,,gcc.trace.txt
32,1,2048,0.1477,4,131072,0.1748,0,0,,0,,gcc.trace.txt
16,4,2048,0.1062,4,262144,0.4437,0,0,,0,,gcc.trace.txt
32,4,8,,4,256,,2,1,,,,gcc.trace.txt
16,2,64,0.4721,1,512,0.5111,2,2,,0,,gcc.trace.txt
16,2,32,,2,0,,1,0,,,,gcc.trace.txt
16,8,16,,4,256,,1,2,,,,gcc.trace.txt
64,1,8192,0.0658,4,524288,0.2206,0,0,,0,,gcc.trace.txt
32,2,64,,8,0,,2,0,,,,gcc.trace.txt
32,2,4096,0.0753,8,262144,0.343,0,0,,0,,gcc.trace.txt
16,8,16,,4,256,,0,2,,,,gcc.trace.txt
16,2,32,,2,0,,0,0,,,,gcc.trace.txt
16,1,2048,0.1506,4,524288,0.313,0,0,,0,,gcc.trace.txt
32,2,4096,0.0753,2,131072,0.3442,0,0,,0,,gcc.trace.txt
16,4,32,,8,512,,0,0,,,,gcc.trace.txt
32,4,8,,2,512,,1,2,,,,gcc.trace.txt
16,2,64,,4,0,,2,2,,,,gcc.trace.txt
16,8,16,,2,512,,2,1,,,,gcc.trace.txt
16,1,16,0.6836,8,128,0.5052,0,2,,0,,gcc.trace.txt
16,1,64,0.4967,2,128,0.745,1,2,,0,,gcc.trace.txt
16,1,32,,4,0,,1,0,,,,gcc.trace.txt
16,4,8,,2,512,,0,1,,,,gcc.trace.txt
32,1,16,,8,0,,1,1,,,,gcc.trace.txt
32,1,32,0.6165,8,512,0.3103,1,1,,0,,gcc.trace.txt
32,1,32,,8,0,,1,2,,,,gcc.trace.txt
16,2,64,0.4721,4,128,0.742,2,0,,0,,gcc.trace.txt
16,4,8,,4,256,,2,2,,,,gcc.trace.txt
32,2,32,,8,256,,0,0,,,,gcc.trace.txt
16,1,16,0.6836,4,256,0.3842,1,1,,0,,gcc.trace.txt
64,1,2048,0.1612,8,262144,0.0901,0,0,,0,,gcc.trace.txt
16,1,8192,0.0839,2,131072,0.5621,0,0,,0,,gcc.trace.txt
16,8,32768,0.0475,2,524288,0.993,0,0,,0,,gcc.trace.txt
32,4,8192,0.0425,2,262144,0.6084,0,0,,0,,gcc.trace.txt
16,2,16,,4,512,,0,0,,,,gcc.trace.txt
16,8,16,,8,128,,1,1,,,,gcc.trace.txt
32,2,32,,1,512,,0,1,,,,gcc.trace.txt
32,1,64,,1,0,,1,2,,,,gcc.trace.txt
32,4,8192,0.0425,8,131072,0.608,0,0,,0,,gcc.trace.txt
32,4,8,,8,128,,2,2,,,,gcc.trace.txt
16,1,8192,0.0839,8,262144,0.5614,0,0,,0,,gcc.trace.txt
32,1,32,0.6165,1,256,0.5411,1,0,,0,,gcc.trace.txt
64,1,2048,0.1612,2,131072,0.0906,0,0,,0,,gcc.trace.txt
32,4,16,,4,256,,0,0,,,,gcc.trace.txt
32,2,32,,1,0,,2,0,,,,gcc.trace.txt
16,8,64,,2,128,,0,1,,,,gcc.trace.txt
16,1,64,0.4967,8,512,0.3915,2,2,,0,,gcc.trace.txt
16,1,8,,4,0,,2,0,,,,gcc.trace.txt
32,1,32,0.6165,2,128,0.6706,2,1,,0,,gcc.trace.txt
16,2,16,,1,128,,1,2,,,,gcc.trace.txt
32,8,32,,8,512,,0,2,,,,gcc.trace.txt
16,4,32,,1,256,,0,1,,,,gcc.trace.txt
16,4,16,,4,256,,0,0,,,,gcc.trace.txt
32,1,64,0.5338,8,512,0.3585,2,2,,0,,gcc.trace.txt
16,1,32,0.5884,2,128,0.6289,2,1,,0,,gcc.trace.txt
32,4,32,,1,256,,0,1,,,,gcc.trace.txt
32,2,16,,1,128,,1,2,,,,gcc.trace.txt
16,8,32,,8,512,,0,2,,,,gcc.trace.txt
32,8,8,,2,512,,1,0,,,,gcc.trace.txt
64,1,32768,0.0298,0,0,0.0,0,0,,0,,gcc.trace.txt
16,8,64,,1,0,,0,0,,,,gcc.trace.txt
16,1,8,,8,128,,2,0,,,,gcc.trace.txt
32,1,16,,4,256,,1,1,,,,gcc.trace.txt
64,1,1024,0.2149,8,524288,0.0676,0,0,,0,,gcc.trace.txt
32,2,16,,4,512,,0,0,,,,gcc.trace.txt
32,8,16,,8,128,,1,1,,,,gcc.trace.txt
16,8,8,,4,256,,2,0,,,,gcc.trace.txt
16,2,32,0.5666,1,512,0.4294,0,1,,0,,gcc.trace.txt
16,4,8,,2,0,,2,2,,,,gcc.trace.txt
16,1,32,0.5884,1,256,0.5143,1,0,,0,,gcc.trace.txt
16,8,32,,8,0,,0,0,,,,gcc.trace.txt
32,1,64,0.5338,2,128,0.7745,1,2,,0,,gcc.trace.txt
32,1,8,,4,256,,2,0,,,,gcc.trace.txt
32,8,8,,8,128,,2,0,,,,gcc.trace.txt
32,8,32,,4,0,,0,2,,,,gcc.trace.txt
16,1,32,0.5884,8,512,0.3305,1,1,,0,,gcc.trace.txt
32,8,16,,4,0,,0,1,,,,gcc.trace.txt
32,2,64,0.5039,4,128,0.8013,2,0,,0,,gcc.trace.txt
16,2,32,0.5666,8,256,0.4543,0,0,,0,,gcc.trace.txt
32,2,8,,2,256,,1,2,,,,gcc.trace.txt
16,2,8,,2,256,,0,1,,,,gcc.trace.txt
16,4,32,,2,0,,1,2,,,,gcc.trace.txt
16,1,8,,2,512,,1,0,,,,gcc.trace.txt
32,8,16,,4,256,,0,2,,,,gcc.trace.txt
16,4,16,,2,0,,1,1,,,,gcc.trace.txt
16,1,1024,0.1922,4,262144,0.2452,0,0,,0,,gcc.trace.txt
32,4,32,,8,512,,0,0,,,,gcc.trace.txt
16,2,8,,4,512,,2,2,,,,gcc.trace.txt
32,4,1024,0.1427,4,131072,0.1809,0,0,,0,,gcc.trace.txt
32,8,16,,2,512,,2,1,,,,gcc.trace.txt
32,1,16,,8,128,,0,2,,,,gcc.trace.txt
32,1,32,,8,128,,1,0,,,,gcc.trace.txt
32,4,8,,1,256,,2,2,,,,gcc.trace.txt
16,8,16,,1,256,,1,1,,,,gcc.trace.txt
32,8,8,,8,0,,0,0,,,,gcc.trace.txt
32,4,16,,8,512,,1,2,,,,gcc.trace.txt
16,2,64,0.4721,4,512,0.4183,2,1,,0,,gcc.trace.txt
32,8,32,,4,256,,1,0,,,,gcc.trace.txt
32,8,1024,0.1363,0,0,0.0,0,0,,0,,gcc.trace.txt
32,1,131072,0.0323,0,0,0.0,0,0,/Users/kaylaradu/GitHubRepos/GitNCSU/ECE492-MicroArch/traces/gcc_trace.txt,0,graph1_size_assoc,gcc.trace.txt
16,4,8,,2,128,,0,0,,,,gcc.trace.txt
16,2,64,0.4721,2,256,0.5958,0,2,,0,,gcc.trace.txt
16,1,16,,1,0,,0,0,,,,gcc.trace.txt
16,4,32,,8,128,,0,1,,,,gcc.trace.txt
16,2,16,,8,256,,1,2,,,,gcc.trace.txt
32,4,8,,2,0,,1,2,,,,gcc.trace.txt
16,2,8,,8,0,,0,1,,,,gcc.trace.txt
16,8,16,,2,128,,2,0,,,,gcc.trace.txt
32,1,16384,0.0461,8,524288,0.5602,0,0,,0,,gcc.trace.txt
16,1,16,0.6836,1,256,0.4426,0,2,,0,,gcc.trace.txt
32,4,16,,2,128,,2,2,,,,gcc.trace.txt
32,1,16,,2,0,,2,0,,,,gcc.trace.txt
32,1,32,0.6165,2,512,0.3575,2,0,,0,,gcc.trace.txt
32,2,32,,4,512,,1,2,,,,gcc.trace.txt
16,8,64,,2,512,,0,0,,,,gcc.trace.txt
32,1,64,,4,0,,0,1,,,,gcc.trace.txt
16,8,16,,8,512,,1,0,,,,gcc.trace.txt
32,2,32,,1,128,,0,0,,,,gcc.trace.txt
32,2,1024,0.156,8,524288,0.1655,0,0,,0,,gcc.trace.txt
16,4,32,,4,256,,1,2,,,,gcc.trace.txt
16,2,16,,4,128,,0,1,,,,gcc.trace.txt
32,2,64,,2,0,,1,1,,,,gcc.trace.txt
32,8,16,,8,512,,1,0,,,,gcc.trace.txt
16,2,32,0.5666,1,128,0.691,0,0,,0,,gcc.trace.txt
32,4,16,,4,0,,2,2,,,,gcc.trace.txt
16,1,4096,0.1102,4,524288,0.4275,0,0,,0,,gcc.trace.txt
32,2,2048,0.1071,2,131072,0.2417,0,0,,0,,gcc.trace.txt
32,8,8,,1,256,,2,0,,,,gcc.trace.txt
32,4,32,,4,0,,2,1,,,,gcc.trace.txt
16,1,8,,8,512,,2,1,,,,gcc.trace.txt
32,2,2048,0.1071,8,262144,0.241,0,0,,0,,gcc.trace.txt
16,8,8,,2,128,,0,2,,,,gcc.trace.txt
16,4,16,,8,0,,2,0,,,,gcc.trace.txt
32,2,16,,4,128,,0,1,,,,gcc.trace.txt
32,4,32,,4,256,,1,2,,,,gcc.trace.txt
32,1,16,,1,256,,0,2,,,,gcc.trace.txt
16,4,16,,2,128,,2,2,,,,gcc.trace.txt
32,8,8,,2,128,,1,1,,,,gcc.trace.txt
16,1,32,0.5884,2,512,0.3607,2,0,,0,,gcc.trace.txt
16,2,32,0.5666,4,512,0.3493,1,2,,0,,gcc.trace.txt
16,4,64,0.4645,4,256,0.5669,2,1,,0,,gcc.trace.txt
32,2,8,,2,0,,0,0,,,,gcc.trace.txt
32,2,16,,8,256,,1,2,,,,gcc.trace.txt
32,4,32,,8,128,,0,1,,,,gcc.trace.txt
64,1,4096,0.1021,2,131072,0.1429,0,0,,0,,gcc.trace.txt
32,8,16,,2,128,,2,0,,,,gcc.trace.txt
32,2,8,,1,512,,2,2,,,,gcc.trace.txt
16,8,16384,0.0477,4,524288,0.9878,0,0,,0,,gcc.trace.txt
16,4,64,0.4645,2,512,0.456,0,2,,0,,gcc.trace.txt
32,8,32,,1,0,,1,1,,,,gcc.trace.txt
32,8,16,,1,0,,1,2,,,,gcc.trace.txt
64,1,4096,0.1021,8,262144,0.1422,0,0,,0,,gcc.trace.txt
32,2,8192,0.0473,4,524288,0.5454,0,0,,0,,gcc.trace.txt
16,1,8,,2,128,,1,1,,,,gcc.trace.txt
16,1,32,0.5884,8,128,0.5851,1,0,,0,,gcc.trace.txt
32,1,8,,2,128,,0,2,,,,gcc.trace.txt
32,8,8,,8,512,,2,1,,,,gcc.trace.txt
32,1,8,,4,0,,1,0,,,,gcc.trace.txt
16,8,8,,2,0,,0,1,,,,gcc.trace.txt
16,4,16,,8,512,,1,2,,,,gcc.trace.txt
32,8,16,,1,256,,1,1,,,,gcc.trace.txt
16,8,32,,4,256,,1,0,,,,gcc.trace.txt
16,8,1024,0.1401,0,0,0.0,0,0,,0,,gcc.trace.txt
16,1,8,,1,256,,2,0,,,,gcc.trace.txt
32,2,64,0.5039,2,256,0.6074,0,2,,0,,gcc.trace.txt
32,1,8,,4,256,,1,1,,,,gcc.trace.txt
16,2,8,,1,128,,0,1,,,,gcc.trace.txt
32,512,16384,0.0263,0,0,0.0,0,0,/Users/kaylaradu/GitHubRepos/GitNCSU/ECE492-MicroArch/traces/gcc_trace.txt,0,graph1_size_assoc,gcc.trace.txt
32,2,8,,4,512,,0,0,,,,gcc.trace.txt
32,8,8,,8,128,,1,1,,,,gcc.trace.txt
16,1,32,0.5884,8,512,0.3305,2,0,,0,,gcc.trace.txt
16,4,16,,8,128,,2,2,,,,gcc.trace.txt
32,2,64,0.5039,4,128,0.8013,1,1,,0,,gcc.trace.txt
32,1,64,0.5338,1,256,0.6249,1,2,,0,,gcc.trace.txt
32,4,4096,0.0599,4,524288,0.4309,0,0,,0,,gcc.trace.txt
16,4,16,,2,0,,2,0,,,,gcc.trace.txt
32,2,2048,0.1071,2,262144,0.2412,0,0,,0,,gcc.trace.txt
16,1,8,,2,512,,2,1,,,,gcc.trace.txt
16,8,8,,8,128,,0,2,,,,gcc.trace.txt
32,2,2048,0.1071,8,131072,0.241,0,0,,0,,gcc.trace.txt
32,8,16,,2,512,,1,0,,,,gcc.trace.txt
32,2,8,,1,128,,1,2,,,,gcc.trace.txt
16,4,64,,4,0,,0,1,,,,gcc.trace.txt
16,1,8,,4,256,,0,2,,,,gcc.trace.txt
32,4,16,,1,0,,0,0,,,,gcc.trace.txt
16,2,32,0.5666,4,128,0.6179,2,2,,0,,gcc.trace.txt
32,8,8,,4,256,,0,2,,,,gcc.trace.txt
16,4,16,,2,512,,1,2,,,,gcc.trace.txt
16,8,8,,8,0,,0,1,,,,gcc.trace.txt
32,1,8,,8,128,,0,2,,,,gcc.trace.txt
16,1,32,0.5884,2,128,0.6289,1,0,,0,,gcc.trace.txt
32,8,8,,2,512,,2,1,,,,gcc.trace.txt
64,1,4096,0.1021,2,262144,0.1424,0,0,,0,,gcc.trace.txt
32,1,16,,4,256,,2,0,,,,gcc.trace.txt
16,1,8,,8,128,,1,1,,,,gcc.trace.txt
32,2,1024,0.156,0,0,0.0,0,0,,0,,gcc.trace.txt
16,4,64,0.4645,8,512,0.418,0,2,,0,,gcc.trace.txt
16,8,8,,4,256,,1,1,,,,gcc.trace.txt
32,8,16,,8,128,,2,0,,,,gcc.trace.txt
64,1,4096,0.1021,8,131072,0.1422,0,0,,0,,gcc.trace.txt
32,2,16,,2,256,,1,2,,,,gcc.trace.txt
32,4,32,,2,128,,0,1,,,,gcc.trace.txt
16,1,32,0.5884,1,256,0.5143,2,1,,0,,gcc.trace.txt
32,2,8,,8,0,,0,0,,,,gcc.trace.txt
32,2,1048576,0.0258,0,0,0.0,0,0,/Users/kaylaradu/GitHubRepos/GitNCSU/ECE492-MicroArch/traces/gcc_trace.txt,0,graph1_size_assoc,gcc.trace.txt
32,4,8192,0.0425,0,0,0.0,0,0,/Users/kaylaradu/GitHubRepos/GitNCSU/ECE492-MicroArch/traces/gcc_trace.txt,0,graph4_blocksize,gcc.trace.txt
16,2,1024,0.16,0,0,0.0,0,0,,0,,gcc.trace.txt
16,1,16,0.6836,4,256,0.3842,2,0,,0,,gcc.trace.txt
16,8,64,,1,256,,0,1,,,,gcc.trace.txt
16,2,8,,2,0,,0,1,,,,gcc.trace.txt
16,8,16,,8,128,,2,0,,,,gcc.trace.txt
32,4,8,,8,0,,1,2,,,,gcc.trace.txt
16,4,32,,2,128,,0,1,,,,gcc.trace.txt
16,2,16,,2,256,,1,2,,,,gcc.trace.txt
32,1,32,0.6165,1,256,0.5411,2,1,,0,,gcc.trace.txt
16,2,64,0.4721,8,256,0.5456,0,2,,0,,gcc.trace.txt
32,2,32,,1,0,,1,1,,,,gcc.trace.txt
16,4,8,,8,128,,0,0,,,,gcc.trace.txt
32,2,32,,4,128,,2,2,,,,gcc.trace.txt
32,2,16,,1,0,,1,2,,,,gcc.trace.txt
16,1,8,,4,0,,1,1,,,,gcc.trace.txt
32,4,16,,2,512,,1,2,,,,gcc.trace.txt
32,8,8,,2,0,,0,0,,,,gcc.trace.txt
32,1,32,0.6165,2,128,0.6706,1,0,,0,,gcc.trace.txt
32,2,64,,8,0,,1,1,,,,gcc.trace.txt
16,1,64,0.4967,1,256,0.6092,1,2,,0,,gcc.trace.txt
32,4,8,,4,256,,0,0,,,,gcc.trace.txt
32,2,1024,0.156,2,524288,0.1655,0,0,,0,,gcc.trace.txt
16,8,16,,2,512,,1,0,,,,gcc.trace.txt
16,1,16,,4,0,,2,2,,,,gcc.trace.txt
16,8,64,,8,512,,0,0,,,,gcc.trace.txt
16,1,32,,4,0,,2,1,,,,gcc.trace.txt
32,1,16,,8,0,,2,0,,,,gcc.trace.txt
32,1,32,0.6165,8,512,0.3103,2,0,,0,,gcc.trace.txt
32,4,16,,8,128,,2,2,,,,gcc.trace.txt
32,1,16384,0.0461,2,524288,0.5602,0,0,,0,,gcc.trace.txt
16,2,64,0.4721,4,128,0.742,1,1,,0,,gcc.trace.txt
16,2,8,,4,128,,1,2,,,,gcc.trace.txt
32,1,8,,1,256,,0,2,,,,gcc.trace.txt
16,4,8,,8,0,,2,2,,,,gcc.trace.txt
16,4,64,0.4645,4,256,0.5669,1,0,,0,,gcc.trace.txt
32,8,16,,2,128,,1,1,,,,gcc.trace.txt
32,8,32,,1,0,,2,0,,,,gcc.trace.txt
64,1,1024,0.2149,2,524288,0.0676,0,0,,0,,gcc.trace.txt
16,1,8,,2,128,,2,0,,,,gcc.trace.txt
32,2,64,0.5039,1,128,0.8132,0,2,,0,,gcc.trace.txt
32,1,8,,4,0,,2,1,,,,gcc.trace.txt
32,1,64,0.5338,4,256,0.5349,0,1,,0,,gcc.trace.txt
16,1,32,0.5884,8,128,0.5851,2,1,,0,,gcc.trace.txt
32,8,8,,8,512,,1,0,,,,gcc.trace.txt
16,8,32,,2,512,,0,2,,,,gcc.trace.txt
32,8,16,,1,256,,2,0,,,,gcc.trace.txt
32,1,64,0.5338,2,512,0.4129,2,2,,0,,gcc.trace.txt
16,8,32,,4,256,,2,1,,,,gcc.trace.txt
16,2,8,,1,512,,0,0,,,,gcc.trace.txt
16,4,64,,1,0,,1,2,,,,gcc.trace.txt
16,1,8,,1,256,,1,1,,,,gcc.trace.txt
32,2,8,,4,128,,0,1,,,,gcc.trace.txt
16,4,16,,1,256,,2,2,,,,gcc.trace.txt
32,8,16,,8,512,,2,1,,,,gcc.trace.txt
32,1,16,,2,128,,0,2,,,,gcc.trace.txt
32,4,32,,4,0,,1,0,,,,gcc.trace.txt
32,4,32,,2,512,,0,0,,,,gcc.trace.txt
32,8,8,,1,256,,1,1,,,,gcc.trace.txt
16,4,16,,8,0,,1,1,,,,gcc.trace.txt
16,1,8,,8,512,,1,0,,,,gcc.trace.txt
16,1,1024,0.1922,4,131072,0.2452,0,0,,0,,gcc.trace.txt
16,2,8,,8,256,,0,1,,,,gcc.trace.txt
32,4,1024,0.1427,4,262144,0.1809,0,0,,0,,gcc.trace.txt
16,4,32,,8,0,,1,2,,,,gcc.trace.txt
32,8,16384,0.0277,0,0,0.0,0,0,/Users/kaylaradu/GitHubRepos/GitNCSU/ECE492-MicroArch/traces/gcc_trace.txt,0,graph1_size_assoc,gcc.trace.txt
32,2,8,,8,256,,1,2,,,,gcc.trace.txt
16,2,32,0.5666,2,256,0.5002,0,0,,0,,gcc.trace.txt
16,8,64,,4,0,,2,2,,,,gcc.trace.txt
32,2,16,,1,512,,2,2,,,,gcc.trace.txt
32,8,8,,2,128,,2,0,,,,gcc.trace.txt
16,1,32,0.5884,2,512,0.3607,1,1,,0,,gcc.trace.txt
16,8,8,,1,256,,0,2,,,,gcc.trace.txt
16,8,32,,2,0,,0,0,,,,gcc.trace.txt
32,1,64,,8,128,,1,2,,,,gcc.trace.txt
32,1,32768,0.0377,4,524288,0.6852,0,0,,0,,gcc.trace.txt
32,2,32,,2,256,,0,0,,,,gcc.trace.txt
32,1,32,,2,0,,1,2,,,,gcc.trace.txt
16,2,16,,1,512,,2,2,,,,gcc.trace.txt
32,1,16,,2,0,,1,1,,,,gcc.trace.txt
32,1,32,0.6165,2,512,0.3575,1,1,,0,,gcc.trace.txt
16,8,64,,4,256,,1,2,,,,gcc.trace.txt
16,4,8,,8,512,,0,1,,,,gcc.trace.txt
16,1,64,0.4967,8,128,0.6851,1,2,,0,,gcc.trace.txt
32,2,32,,4,0,,0,2,,,,gcc.trace.txt
16,8,16,,8,512,,2,1,,,,gcc.trace.txt
32,4,16,,1,256,,2,2,,,,gcc.trace.txt
16,1,16,0.6836,2,128,0.5413,0,2,,0,,gcc.trace.txt
32,4,8,,8,512,,1,2,,,,gcc.trace.txt
16,4,32,,2,512,,0,0,,,,gcc.trace.txt
32,2,4096,0.0753,8,131072,0.343,0,0,,0,,gcc.trace.txt
32,2,16,,4,0,,0,1,,,,gcc.trace.txt
16,2,32,,8,0,,0,0,,,,gcc.trace.txt
16,1,8,,1,0,,0,2,,,,gcc.trace.txt
32,2,4096,0.0753,2,262144,0.3433,0,0,,0,,gcc.trace.txt
32,2,64,,2,0,,2,0,,,,gcc.trace.txt
32,4,2048,0.0962,4,524288,0.2683,0,0,,0,,gcc.trace.txt
16,1,64,0.4967,4,256,0.5289,0,1,,0,,gcc.trace.txt
32,1,32,,8,128,,2,1,,,,gcc.trace.txt
32,8,32,,2,512,,0,2,,,,gcc.trace.txt
16,2,64,0.4721,4,512,0.4183,1,0,,0,,gcc.trace.txt
16,8,16,,1,256,,2,0,,,,gcc.trace.txt
16,8,64,,8,128,,0,1,,,,gcc.trace.txt
16,1,64,0.4967,2,512,0.4272,2,2,,0,,gcc.trace.txt
16,2,64,,1,0,,0,0,,,,gcc.trace.txt
32,8,32,,4,256,,2,1,,,,gcc.trace.txt
32,4,8,,2,128,,2,2,,,,gcc.trace.txt
16,1,8192,0.0839,2,262144,0.5616,0,0,,0,,gcc.trace.txt
64,1,2048,0.1612,8,131072,0.0901,0,0,,0,,gcc.trace.txt
32,4,8192,0.0425,2,131072,0.6101,0,0,,0,,gcc.trace.txt
16,8,16,,2,128,,1,1,,,,gcc.trace.txt
32,4,8192,0.0425,8,262144,0.608,0,0,,0,,gcc.trace.txt
16,8,32768,0.0475,8,524288,0.993,0,0,,0,,gcc.trace.txt
64,1,2048,0.1612,2,262144,0.0902,0,0,,0,,gcc.trace.txt
16,1,8192,0.0839,8,131072,0.5614,0,0,,0,,gcc.trace.txt
16,4,8,,1,256,,0,0,,,,gcc.trace.txt
16,2,64,0.4721,1,128,0.7915,0,2,,0,,gcc.trace.txt
16,4,8192,0.0595,2,524288,0.7928,0,0,,0,,gcc.trace.txt
16,2,64,0.4721,1,128,0.7915,1,2,,0,,gcc.trace.txt
16,4,8,,1,256,,1,0,,,,gcc.trace.txt
64,4,2048,0.1033,2,524288,0.1406,0,0,,0,,gcc.trace.txt
16,1,16,,1,0,,2,1,,,,gcc.trace.txt
64,2,4096,0.0784,4,262144,0.1852,0,0,,0,,gcc.trace.txt
32,1,8192,0.067,8,524288,0.3854,0,0,,0,,gcc.trace.txt
16,4,32,,8,128,,2,0,,,,gcc.trace.txt
16,8,16,,2,128,,0,1,,,,gcc.trace.txt
16,1,32,,1,0,,2,2,,,,gcc.trace.txt
16,2,8,,8,0,,2,0,,,,gcc.trace.txt
64,4,32768,0.0156,0,0,0.0,0,0,/Users/kaylaradu/GitHubRepos/GitNCSU/ECE492-MicroArch/traces/gcc_trace.txt,0,graph4_blocksize,gcc.trace.txt
32,4,8192,0.0425,8,16384,0.6461,0,0,/Users/kaylaradu/GitHubRepos/GitNCSU/ECE492-MicroArch/traces/gcc_trace.txt,0,graph5_l2size,gcc.trace.txt
16,1,16,0.6836,8,512,0.2845,2,2,,0,,gcc.trace.txt
16,2,64,,1,0,,1,0,,,,gcc.trace.txt
16,8,64,,8,128,,1,1,,,,gcc.trace.txt
16,4,8,,2,128,,2,1,,,,gcc.trace.txt
32,8,32,,2,512,,1,2,,,,gcc.trace.txt
16,1,64,0.4967,4,256,0.5289,1,1,,0,,gcc.trace.txt
32,2,8192,0.0473,0,0,0.0,0,0,,0,,gcc.trace.txt
32,8,8,,8,0,,2,1,,,,gcc.trace.txt
16,2,64,0.4721,4,512,0.4183,0,0,,0,,gcc.trace.txt
16,2,32,,8,0,,1,0,,,,gcc.trace.txt
16,1,8,,1,0,,1,2,,,,gcc.trace.txt
16,2,16,,4,128,,2,0,,,,gcc.trace.txt
64,4,8192,0.0386,4,131072,0.3763,0,0,,0,,gcc.trace.txt
16,2,4096,0.0875,8,524288,0.5386,0,0,,0,,gcc.trace.txt
16,1,16,0.6836,2,128,0.5413,1,2,,0,,gcc.trace.txt
32,1,32768,0.0377,0,0,0.0,0,0,/Users/kaylaradu/GitHubRepos/GitNCSU/ECE492-MicroArch/traces/gcc_trace.txt,0,graph1_size_assoc,gcc.trace.txt
32,2,32,,1,128,,2,1,,,,gcc.trace.txt
32,2,32,,4,0,,1,2,,,,gcc.trace.txt
32,2,16,,4,0,,1,1,,,,gcc.trace.txt
32,4,8,,8,512,,0,2,,,,gcc.trace.txt
32,1,2048,0.1477,4,262144,0.1748,0,0,,0,,gcc.trace.txt
16,4,32,,2,512,,1,0,,,,gcc.trace.txt
16,4,2048,0.1062,4,131072,0.4437,0,0,,0,,gcc.trace.txt
16,4,8,,8,512,,1,1,,,,gcc.trace.txt
16,8,64,,2,512,,2,1,,,,gcc.trace.txt
32,1,64,,4,0,,2,0,,,,gcc.trace.txt
16,1,64,0.4967,8,128,0.6851,0,2,,0,,gcc.trace.txt
32,1,32,0.6165,4,256,0.4631,2,2,,0,,gcc.trace.txt
32,1,32,,2,0,,0,2,,,,gcc.trace.txt
32,2,32,,2,256,,1,0,,,,gcc.trace.txt
16,8,64,,4,256,,0,2,,,,gcc.trace.txt
32,1,32,0.6165,2,512,0.3575,0,1,,0,,gcc.trace.txt
16,1,64,,8,0,,2,2,,,,gcc.trace.txt
32,1,16,,2,0,,0,1,,,,gcc.trace.txt
32,8,32,,8,128,,2,2,,,,gcc.trace.txt
16,8,8,,1,256,,1,2,,,,gcc.trace.txt
32,2,16384,0.0338,4,524288,0.763,0,0,,0,,gcc.trace.txt
32,1,64,,8,128,,0,2,,,,gcc.trace.txt
16,8,32,,2,0,,1,0,,,,gcc.trace.txt
16,1,32,0.5884,4,256,0.4465,2,2,,0,,gcc.trace.txt
32,2,8,,8,256,,0,2,,,,gcc.trace.txt
16,2,32,0.5666,2,256,0.5002,1,0,,0,,gcc.trace.txt
32,4,32768,0.0264,4,262144,0.978,0,0,,0,,gcc.trace.txt
32,4,8192,0.0425,0,0,0.0,0,0,/Users/kaylaradu/GitHubRepos/GitNCSU/ECE492-MicroArch/traces/gcc_trace.txt,0,graph1_size_assoc,gcc.trace.txt
16,1,32,0.5884,2,512,0.3607,0,1,,0,,gcc.trace.txt
16,8,32,,8,128,,2,2,,,,gcc.trace.txt
16,1,8,,8,512,,0,0,,,,gcc.trace.txt
16,4,16,,8,0,,0,1,,,,gcc.trace.txt
16,4,32,,8,0,,0,2,,,,gcc.trace.txt
16,2,8,,8,256,,1,1,,,,gcc.trace.txt
32,2,16,,4,128,,2,0,,,,gcc.trace.txt
32,1,16,,2,128,,1,2,,,,gcc.trace.txt
16,2,32,0.5666,1,128,0.691,2,1,,0,,gcc.trace.txt
32,1,1024,0.1935,4,524288,0.1335,0,0,,0,,gcc.trace.txt
32,8,8,,1,256,,0,1,,,,gcc.trace.txt
32,4,32,,2,512,,1,0,,,,gcc.trace.txt
32,4,32,,4,0,,0,0,,,,gcc.trace.txt
16,2,8,,1,512,,1,0,,,,gcc.trace.txt
32,2,8,,4,128,,1,1,,,,gcc.trace.txt
16,1,8,,1,256,,0,1,,,,gcc.trace.txt
16,4,64,,1,0,,0,2,,,,gcc.trace.txt
32,8,8,,8,512,,0,0,,,,gcc.trace.txt
16,8,32,,2,512,,1,2,,,,gcc.trace.txt
32,1,64,0.5338,4,256,0.5349,1,1,,0,,gcc.trace.txt
16,8,8,,2,0,,2,0,,,,gcc.trace.txt
16,2,8192,0.0638,0,0,0.0,0,0,,0,,gcc.trace.txt
64,4,1024,0.1584,8,131072,0.0917,0,0,,0,,gcc.trace.txt
32,2,64,0.5039,1,128,0.8132,1,2,,0,,gcc.trace.txt
32,2,8,,2,0,,2,1,,,,gcc.trace.txt
64,4,1024,0.1584,2,262144,0.0918,0,0,,0,,gcc.trace.txt
16,4,64,0.4645,4,256,0.5669,0,0,,0,,gcc.trace.txt
32,1,8,,1,256,,1,2,,,,gcc.trace.txt
32,4,32,,8,128,,2,0,,,,gcc.trace.txt
16,2,8,,4,128,,0,2,,,,gcc.trace.txt
32,8,16,,2,128,,0,1,,,,gcc.trace.txt
32,1,16,,8,512,,2,2,,,,gcc.trace.txt
16,2,64,0.4721,4,128,0.742,0,1,,0,,gcc.trace.txt
32,2,32768,0.0288,2,524288,0.8962,0,0,,0,,gcc.trace.txt
32,2,32,,8,256,,2,1,,,,gcc.trace.txt
32,4,16384,0.0283,8,131072,0.9117,0,0,,0,,gcc.trace.txt
16,8,64,,8,512,,1,0,,,,gcc.trace.txt
32,4,16384,0.0283,2,262144,0.9128,0,0,,0,,gcc.trace.txt
32,8192,262144,0.0258,0,0,0.0,0,0,/Users/kaylaradu/GitHubRepos/GitNCSU/ECE492-MicroArch/traces/gcc_trace.txt,0,graph1_size_assoc,gcc.trace.txt
16,4,8,,2,512,,2,0,,,,gcc.trace.txt
16,4,32,,8,512,,2,1,,,,gcc.trace.txt
32,8,32,,1,256,,2,2,,,,gcc.trace.txt
16,8,16,,2,512,,0,0,,,,gcc.trace.txt
16,2,1024,0.16,2,131072,0.2949,0,0,,0,,gcc.trace.txt
32,4,8,,4,256,,1,0,,,,gcc.trace.txt
16,1,64,0.4967,1,256,0.6092,0,2,,0,,gcc.trace.txt
16,2,16,,2,0,,2,2,,,,gcc.trace.txt
32,2,64,,8,0,,0,1,,,,gcc.trace.txt
16,2,1024,0.16,8,262144,0.2945,0,0,,0,,gcc.trace.txt
16,2,32,,2,0,,2,1,,,,gcc.trace.txt
32,4,16,,2,512,,0,2,,,,gcc.trace.txt
32,8,8,,2,0,,1,0,,,,gcc.trace.txt
16,1,8,,4,0,,0,1,,,,gcc.trace.txt
16,4,32,,1,256,,2,0,,,,gcc.trace.txt
32,1,32,0.6165,2,128,0.6706,0,0,,0,,gcc.trace.txt
32,4,16,,4,256,,2,1,,,,gcc.trace.txt
16,4,8,,8,128,,1,0,,,,gcc.trace.txt
16,2,64,0.4721,8,256,0.5456,1,2,,0,,gcc.trace.txt
32,2,32,,1,0,,0,1,,,,gcc.trace.txt
64,8,16384,0.0196,8,524288,0.7416,0,0,,0,,gcc.trace.txt
32,2,16,,1,0,,0,2,,,,gcc.trace.txt
16,8,64,,2,128,,2,0,,,,gcc.trace.txt
64,2,1024,0.1714,4,524288,0.0847,0,0,,0,,gcc.trace.txt
32,4,8,,8,0,,0,2,,,,gcc.trace.txt
32,2,32,,1,512,,2,0,,,,gcc.trace.txt
16,2,8,,2,0,,1,1,,,,gcc.trace.txt
16,2,16,,2,256,,0,2,,,,gcc.trace.txt
16,4,32,,2,128,,1,1,,,,gcc.trace.txt
16,8,64,,1,256,,1,1,,,,gcc.trace.txt
16,2,16,,4,512,,2,1,,,,gcc.trace.txt
64,2,2048,0.1158,4,262144,0.1253,0,0,,0,,gcc.trace.txt
16,8,8,,4,256,,0,1,,,,gcc.trace.txt
16,2,32,0.5666,1,512,0.4294,2,0,,0,,gcc.trace.txt
64,4,4096,0.0619,2,524288,0.2346,0,0,,0,,gcc.trace.txt
32,2,8,,8,0,,1,0,,,,gcc.trace.txt
32,4,32,,2,128,,1,1,,,,gcc.trace.txt
32,2,16,,2,256,,0,2,,,,gcc.trace.txt
32,4,262144,0.0258,0,0,0.0,0,0,/Users/kaylaradu/GitHubRepos/GitNCSU/ECE492-MicroArch/traces/gcc_trace.txt,0,graph1_size_assoc,gcc.trace.txt
16,8,64,,1,0,,2,1,,,,gcc.trace.txt
16,1,8,,8,128,,0,1,,,,gcc.trace.txt
16,2,8192,0.0638,4,262144,0.7391,0,0,,0,,gcc.trace.txt
16,8,8,,2,512,,2,2,,,,gcc.trace.txt
16,4,64,0.4645,8,512,0.418,1,2,,0,,gcc.trace.txt
32,2,16,,4,512,,2,1,,,,gcc.trace.txt
16,4,16,,2,512,,0,2,,,,gcc.trace.txt
32,2,32768,0.0288,0,0,0.0,0,0,,0,,gcc.trace.txt
32,4,32,,1,256,,2,0,,,,gcc.trace.txt
32,1,8,,8,128,,1,2,,,,gcc.trace.txt
16,1,32,0.5884,2,128,0.6289,0,0,,0,,gcc.trace.txt
16,8,8,,8,0,,1,1,,,,gcc.trace.txt
16,4,16,,4,256,,2,1,,,,gcc.trace.txt
32,4,16,,1,0,,1,0,,,,gcc.trace.txt
32,8,8,,4,256,,1,2,,,,gcc.trace.txt
16,8,32,,1,256,,2,2,,,,gcc.trace.txt
32,4,32,,8,512,,2,1,,,,gcc.trace.txt
16,1,8,,4,256,,1,2,,,,gcc.trace.txt
16,4,64,,4,0,,1,1,,,,gcc.trace.txt
16,4,4096,0.0755,4,131072,0.6239,0,0,,0,,gcc.trace.txt
32,8,16,,2,512,,0,0,,,,gcc.trace.txt
32,2,8,,1,128,,0,2,,,,gcc.trace.txt
64,2,8192,0.0455,8,524288,0.3191,0,0,,0,,gcc.trace.txt
32,1,4096,0.1002,4,262144,0.2578,0,0,,0,,gcc.trace.txt
16,2,8,,2,256,,2,0,,,,gcc.trace.txt
32,1,8,,1,0,,2,2,,,,gcc.trace.txt
32,1,64,0.5338,1,256,0.6249,0,2,,0,,gcc.trace.txt
16,4,64,0.4645,2,128,0.7709,2,2,,0,,gcc.trace.txt
16,8,8,,8,128,,1,2,,,,gcc.trace.txt
16,2,2048,0.1183,8,524288,0.3985,0,0,,0,,gcc.trace.txt
32,1,8,,2,512,,2,2,,,,gcc.trace.txt
32,8,8,,8,128,,0,1,,,,gcc.trace.txt
32,2,64,0.5039,4,128,0.8013,0,1,,0,,gcc.trace.txt
32,8,16,,4,0,,2,0,,,,gcc.trace.txt
16,2,32,0.5666,8,256,0.4543,2,1,,0,,gcc.trace.txt
16,8,32,,8,0,,2,1,,,,gcc.trace.txt
16,2,8,,1,128,,1,1,,,,gcc.trace.txt
32,1,8,,4,256,,0,1,,,,gcc.trace.txt
16,8,16,,8,0,,2,2,,,,gcc.trace.txt
32,2,8,,4,512,,1,0,,,,gcc.trace.txt
16,4,16,,8,128,,1,2,,,,gcc.trace.txt
16,2,32,0.5666,8,256,0.4543,0,1,,0,,gcc.trace.txt
32,8,16,,4,0,,0,0,,,,gcc.trace.txt
32,2,64,0.5039,4,128,0.8013,2,1,,0,,gcc.trace.txt
32,8,8,,8,128,,2,1,,,,gcc.trace.txt
32,1,8,,2,512,,0,2,,,,gcc.trace.txt
16,1,32,0.5884,8,512,0.3305,1,0,,0,,gcc.trace.txt
16,8,16,,8,0,,0,2,,,,gcc.trace.txt
32,1,32768,0.0377,4,131072,0.6852,0,0,,0,,gcc.trace.txt
32,1,8,,4,256,,2,1,,,,gcc.trace.txt
16,8,32,,8,0,,0,1,,,,gcc.trace.txt
32,2,8,,1,128,,2,2,,,,gcc.trace.txt
32,8,16,,2,512,,2,0,,,,gcc.trace.txt
16,8,32,,1,256,,0,2,,,,gcc.trace.txt
32,4,32,,8,512,,0,1,,,,gcc.trace.txt
16,4,16,,2,0,,1,0,,,,gcc.trace.txt
16,1,8,,2,512,,1,1,,,,gcc.trace.txt
16,1,1024,0.1922,4,524288,0.2452,0,0,,0,,gcc.trace.txt
16,4,64,0.4645,2,128,0.7709,0,2,,0,,gcc.trace.txt
32,1,8,,1,0,,0,2,,,,gcc.trace.txt
32,1,64,0.5338,1,256,0.6249,2,2,,0,,gcc.trace.txt
16,2,8,,2,256,,0,0,,,,gcc.trace.txt
128,4,32768,0.0111,0,0,0.0,0,0,/Users/kaylaradu/GitHubRepos/GitNCSU/ECE492-MicroArch/traces/gcc_trace.txt,0,graph4_blocksize,gcc.trace.txt
16,1,32,0.5884,2,128,0.6289,2,0,,0,,gcc.trace.txt
32,8,8,,2,512,,1,1,,,,gcc.trace.txt
32,4,32,,1,256,,0,0,,,,gcc.trace.txt
16,4,16,,2,512,,2,2,,,,gcc.trace.txt
32,4,4096,0.0599,0,0,0.0,0,0,,0,,gcc.trace.txt
64,8,16384,0.0196,0,0,0.0,0,0,,0,,gcc.trace.txt
16,4,16,,4,256,,0,1,,,,gcc.trace.txt
16,2,32,0.5666,4,128,0.6179,1,2,,0,,gcc.trace.txt
32,2,16,,2,256,,2,2,,,,gcc.trace.txt
16,1,32,0.5884,1,256,0.5143,1,1,,0,,gcc.trace.txt
16,2,32,0.5666,1,512,0.4294,0,0,,0,,gcc.trace.txt
32,8,16,,8,128,,1,0,,,,gcc.trace.txt
16,8,8,,4,256,,2,1,,,,gcc.trace.txt
64,1,1024,0.2149,8,262144,0.0676,0,0,,0,,gcc.trace.txt
32,2,16,,4,512,,0,1,,,,gcc.trace.txt
16,8,8,,2,512,,0,2,,,,gcc.trace.txt
64,1,1024,0.2149,2,131072,0.0679,0,0,,0,,gcc.trace.txt
16,1,8,,8,128,,2,1,,,,gcc.trace.txt
32,1,16,,4,256,,1,0,,,,gcc.trace.txt
16,8,64,,1,0,,0,1,,,,gcc.trace.txt
16,2,16,,2,256,,2,2,,,,gcc.trace.txt
32,1,32,0.6165,1,256,0.5411,1,1,,0,,gcc.trace.txt
32,4,8192,0.0425,2,524288,0.608,0,0,,0,,gcc.trace.txt
16,8,32768,0.0475,2,262144,0.9935,0,0,,0,,gcc.trace.txt
32,2,32,,1,512,,0,0,,,,gcc.trace.txt
16,8,16,,8,128,,1,0,,,,gcc.trace.txt
32,4,8,,8,0,,2,2,,,,gcc.trace.txt
64,1,2048,0.1612,8,524288,0.0901,0,0,,0,,gcc.trace.txt
16,2,16,,4,512,,0,1,,,,gcc.trace.txt
32,1,2048,0.1477,0,0,0.0,0,0,/Users/kaylaradu/GitHubRepos/GitNCSU/ECE492-MicroArch/traces/gcc_trace.txt,0,graph1_size_assoc,gcc.trace.txt
16,1,8192,0.0839,8,524288,0.5614,0,0,,0,,gcc.trace.txt
16,1,16,0.6836,4,256,0.3842,1,0,,0,,gcc.trace.txt
16,8,32768,0.0475,8,131072,0.993,0,0,,0,,gcc.trace.txt
32,1,32,0.6165,2,128,0.6706,2,0,,0,,gcc.trace.txt
16,4,32,,1,256,,0,0,,,,gcc.trace.txt
16,1,8,,4,0,,2,1,,,,gcc.trace.txt
32,4,16,,2,512,,2,2,,,,gcc.trace.txt
16,8,64,,2,128,,0,0,,,,gcc.trace.txt
16,4,4096,0.0755,0,0,0.0,0,0,,0,,gcc.trace.txt
32,2,16,,1,0,,2,2,,,,gcc.trace.txt
32,2,32,,1,0,,2,1,,,,gcc.trace.txt
32,2,32,,4,128,,1,2,,,,gcc.trace.txt
32,4,16,,4,256,,0,1,,,,gcc.trace.txt
32,2,4096,0.0753,8,524288,0.343,0,0,,0,,gcc.trace.txt
64,1,8192,0.0658,4,262144,0.2206,0,0,,0,,gcc.trace.txt
16,8,16,,2,512,,2,0,,,,gcc.trace.txt
16,4,32,,8,512,,0,1,,,,gcc.trace.txt
32,8,32,,1,256,,0,2,,,,gcc.trace.txt
32,4,2048,0.0962,4,131072,0.2683,0,0,,0,,gcc.trace.txt
16,1,2048,0.1506,4,262144,0.313,0,0,,0,,gcc.trace.txt
16,2,32,,2,0,,0,1,,,,gcc.trace.txt
32,2,64,,8,0,,2,1,,,,gcc.trace.txt
16,2,16,,2,0,,0,2,,,,gcc.trace.txt
16,1,64,0.4967,1,256,0.6092,2,2,,0,,gcc.trace.txt
32,2,32,,8,256,,0,1,,,,gcc.trace.txt
32,4,16,,8,128,,1,2,,,,gcc.trace.txt
16,2,64,0.4721,4,128,0.742,2,1,,0,,gcc.trace.txt
32,1,16,,8,0,,1,0,,,,gcc.trace.txt
32,1,32,0.6165,8,512,0.3103,1,0,,0,,gcc.trace.txt
16,4,8,,2,512,,0,0,,,,gcc.trace.txt
16,1,32,,4,0,,1,1,,,,gcc.trace.txt
16,1,16,,4,0,,1,2,,,,gcc.trace.txt
32,4,8192,0.0425,8,16384,0.6461,0,0,/Users/kaylaradu/GitHubRepos/GitNCSU/ECE492-MicroArch/traces/gcc_trace.txt,0,graph3_l2,gcc.trace.txt
16,1,8,,2,128,,1,0,,,,gcc.trace.txt
16,8,16384,0.0477,4,262144,0.9878,0,0,,0,,gcc.trace.txt
32,8,32,,1,0,,1,0,,,,gcc.trace.txt
32,1,16,,8,512,,0,2,,,,gcc.trace.txt
32,8,16,,2,128,,2,1,,,,gcc.trace.txt
32,4,32,,8,128,,0,0,,,,gcc.trace.txt
16,2,8,,4,128,,2,2,,,,gcc.trace.txt
32,2,8192,0.0473,4,262144,0.5454,0,0,,0,,gcc.trace.txt
16,4,8,,8,0,,1,2,,,,gcc.trace.txt
64,1,4096,0.1021,8,524288,0.1422,0,0,,0,,gcc.trace.txt
16,4,64,0.4645,4,256,0.5669,2,0,,0,,gcc.trace.txt
32,2,8,,2,0,,0,1,,,,gcc.trace.txt
16,4,64,,1,0,,2,2,,,,gcc.trace.txt
16,1,8,,1,256,,2,1,,,,gcc.trace.txt
32,1,64,0.5338,2,512,0.4129,1,2,,0,,gcc.trace.txt
16,8,32,,4,256,,1,1,,,,gcc.trace.txt
32,8,16,,1,256,,1,0,,,,gcc.trace.txt
16,8,8,,2,0,,0,0,,,,gcc.trace.txt
32,1,8,,4,0,,1,1,,,,gcc.trace.txt
16,1,32,0.5884,8,128,0.5851,1,1,,0,,gcc.trace.txt
32,8,8,,8,512,,2,0,,,,gcc.trace.txt
16,1,4096,0.1102,4,262144,0.4275,0,0,,0,,gcc.trace.txt
32,2,16,,4,128,,0,0,,,,gcc.trace.txt
32,4,4096,0.0599,4,131072,0.4309,0,0,,0,,gcc.trace.txt
16,4,32,,8,0,,2,2,,,,gcc.trace.txt
16,4,16,,8,0,,2,1,,,,gcc.trace.txt
16,1,8,,8,512,,2,0,,,,gcc.trace.txt
32,4,32,,4,0,,2,0,,,,gcc.trace.txt
32,2,2048,0.1071,8,524288,0.241,0,0,,0,,gcc.trace.txt
32,8,8,,1,256,,2,1,,,,gcc.trace.txt
16,2,32,0.5666,1,128,0.691,0,1,,0,,gcc.trace.txt
32,8,16,,8,512,,1,1,,,,gcc.trace.txt
16,4,16,,1,256,,1,2,,,,gcc.trace.txt
16,1,32,0.5884,4,256,0.4465,0,2,,0,,gcc.trace.txt
32,1,64,,8,128,,2,2,,,,gcc.trace.txt
32,8,8,,2,128,,1,0,,,,gcc.trace.txt
16,8,32,,8,128,,0,2,,,,gcc.trace.txt
32,2,16,,1,512,,1,2,,,,gcc.trace.txt
16,1,32,0.5884,2,512,0.3607,2,1,,0,,gcc.trace.txt
32,2,8,,8,256,,2,2,,,,gcc.trace.txt
16,8,64,,4,0,,1,2,,,,gcc.trace.txt
32,1,32,0.6165,4,256,0.4631,0,2,,0,,gcc.trace.txt
16,1,64,0.4967,8,128,0.6851,2,2,,0,,gcc.trace.txt
32,1,16384,0.0461,8,262144,0.5602,0,0,,0,,gcc.trace.txt
32,1,64,,4,0,,0,0,,,,gcc.trace.txt
16,8,64,,2,512,,0,1,,,,gcc.trace.txt
32,8,32,,8,128,,0,2,,,,gcc.trace.txt
16,2,16,,1,512,,1,2,,,,gcc.trace.txt
32,1,16,,2,0,,2,1,,,,gcc.trace.txt
32,1,16384,0.0461,2,131072,0.5619,0,0,,0,,gcc.trace.txt
16,1,64,,8,0,,0,2,,,,gcc.trace.txt
32,1,32,0.6165,2,512,0.3575,2,1,,0,,gcc.trace.txt
16,8,64,,4,256,,2,2,,,,gcc.trace.txt
32,1,32,,2,0,,2,2,,,,gcc.trace.txt
32,2,1024,0.156,2,131072,0.166,0,0,,0,,gcc.trace.txt
32,2,64,,2,0,,1,0,,,,gcc.trace.txt
16,2,16,,4,128,,0,0,,,,gcc.trace.txt
32,4,8,,8,512,,2,2,,,,gcc.trace.txt
32,2,1024,0.156,8,262144,0.1655,0,0,,0,,gcc.trace.txt
32,4,16,,1,256,,1,2,,,,gcc.trace.txt
32,2,32,,1,128,,0,1,,,,gcc.trace.txt
16,8,16,,8,512,,1,1,,,,gcc.trace.txt
16,4,8,,2,128,,0,1,,,,gcc.trace.txt
16,1,64,0.4967,2,512,0.4272,1,2,,0,,gcc.trace.txt
32,8,32,,4,256,,1,1,,,,gcc.trace.txt
16,2,64,0.4721,4,512,0.4183,2,0,,0,,gcc.trace.txt
32,8,8,,8,0,,0,1,,,,gcc.trace.txt
16,8,16,,1,256,,1,0,,,,gcc.trace.txt
32,1,32,,8,128,,1,1,,,,gcc.trace.txt
32,4,8192,0.0425,8,65536,0.6105,0,0,/Users/kaylaradu/GitHubRepos/GitNCSU/ECE492-MicroArch/traces/gcc_trace.txt,0,graph5_l2size,gcc.trace.txt
16,1,16,0.6836,8,512,0.2845,0,2,,0,,gcc.trace.txt
16,8,16,,2,128,,2,1,,,,gcc.trace.txt
16,2,8,,8,0,,0,0,,,,gcc.trace.txt
16,1,32,,1,0,,0,2,,,,gcc.trace.txt
32,4,8,,2,128,,1,2,,,,gcc.trace.txt
16,4,32,,8,128,,0,0,,,,gcc.trace.txt
16,1,16,,1,0,,0,1,,,,gcc.trace.txt
16,2,8,,8,0,,1,0,,,,gcc.trace.txt
16,1,32,,1,0,,1,2,,,,gcc.trace.txt
16,1,16,0.6836,8,512,0.2845,1,2,,0,,gcc.trace.txt
16,1,16,,1,0,,1,1,,,,gcc.trace.txt
64,2,1024,0.1714,4,131072,0.0847,0,0,,0,,gcc.trace.txt
32,4,8,,2,128,,0,2,,,,gcc.trace.txt
16,4,32,,8,128,,1,0,,,,gcc.trace.txt
16,2,64,0.4721,1,128,0.7915,2,2,,0,,gcc.trace.txt
16,4,8,,1,256,,2,0,,,,gcc.trace.txt
32,32768,1048576,0.0258,0,0,0.0,0,0,/Users/kaylaradu/GitHubRepos/GitNCSU/ECE492-MicroArch/traces/gcc_trace.txt,0,graph1_size_assoc,gcc.trace.txt
32,1,16384,0.0461,0,0,0.0,0,0,,0,,gcc.trace.txt
16,8,16,,1,256,,0,0,,,,gcc.trace.txt
32,8,8,,8,0,,1,1,,,,gcc.trace.txt
32,8,32,,2,512,,2,2,,,,gcc.trace.txt
32,8,8192,0.0395,8,16384,0.6697,0,0,,0,,gcc.trace.txt
32,1,32,,8,128,,0,1,,,,gcc.trace.txt
64,8,16384,0.0196,2,262144,0.7431,0,0,,0,,gcc.trace.txt
16,1,64,0.4967,4,256,0.5289,2,1,,0,,gcc.trace.txt
16,4,8,,2,128,,1,1,,,,gcc.trace.txt
16,2,64,,1,0,,2,0,,,,gcc.trace.txt
64,8,16384,0.0196,8,131072,0.7416,0,0,,0,,gcc.trace.txt
32,8,32,,4,256,,0,1,,,,gcc.trace.txt
16,1,64,0.4967,2,512,0.4272,0,2,,0,,gcc.trace.txt
16,8,64,,8,128,,2,1,,,,gcc.trace.txt
32,2,16,,4,0,,2,1,,,,gcc.trace.txt
16,4,32,,2,512,,2,0,,,,gcc.trace.txt
16,2,1024,0.16,2,524288,0.2945,0,0,,0,,gcc.trace.txt
16,1,16,0.6836,2,128,0.5413,2,2,,0,,gcc.trace.txt
16,8,16,,8,512,,0,1,,,,gcc.trace.txt
32,2,32,,1,128,,1,1,,,,gcc.trace.txt
32,4,16,,1,256,,0,2,,,,gcc.trace.txt
32,8,1024,0.1363,8,16384,0.2036,0,0,,0,,gcc.trace.txt
32,2,32,,4,0,,2,2,,,,gcc.trace.txt
16,2,16,,4,128,,1,0,,,,gcc.trace.txt
32,2,64,,2,0,,0,0,,,,gcc.trace.txt
16,1,8,,1,0,,2,2,,,,gcc.trace.txt
16,2,32,,8,0,,2,0,,,,gcc.trace.txt
32,4,16384,0.0283,8,524288,0.9117,0,0,,0,,gcc.trace.txt
32,2,32768,0.0288,2,131072,0.9,0,0,,0,,gcc.trace.txt
16,1,64,,8,0,,1,2,,,,gcc.trace.txt
16,2,16,,1,512,,0,2,,,,gcc.trace.txt
32,8,32,,8,128,,1,2,,,,gcc.trace.txt
32,2,32,,2,256,,2,0,,,,gcc.trace.txt
16,8,64,,2,512,,1,1,,,,gcc.trace.txt
32,1,64,,4,0,,1,0,,,,gcc.trace.txt
32,2,32768,0.0288,8,262144,0.8962,0,0,,0,,gcc.trace.txt
32,1,32,0.6165,4,256,0.4631,1,2,,0,,gcc.trace.txt
16,4,8,,8,512,,2,1,,,,gcc.trace.txt
32,8,8,,2,128,,0,0,,,,gcc.trace.txt
32,2,16,,1,512,,0,2,,,,gcc.trace.txt
16,8,32,,8,128,,1,2,,,,gcc.trace.txt
16,8,64,,4,0,,0,2,,,,gcc.trace.txt
16,2,32,0.5666,2,256,0.5002,2,0,,0,,gcc.trace.txt
16,8,32,,2,0,,2,0,,,,gcc.trace.txt
16,1,32,0.5884,4,256,0.4465,1,2,,0,,gcc.trace.txt
16,8,8,,1,256,,2,2,,,,gcc.trace.txt
64,2,8192,0.0455,8,131072,0.3191,0,0,,0,,gcc.trace.txt
32,4,32,,2,512,,2,0,,,,gcc.trace.txt
16,2,2048,0.1183,2,262144,0.3987,0,0,,0,,gcc.trace.txt
16,4,4096,0.0755,4,524288,0.6239,0,0,,0,,gcc.trace.txt
32,1,16,,2,128,,2,2,,,,gcc.trace.txt
16,4,16,,1,256,,0,2,,,,gcc.trace.txt
32,8,16,,8,512,,0,1,,,,gcc.trace.txt
16,2,32,0.5666,1,128,0.691,1,1,,0,,gcc.trace.txt
32,2,16,,4,128,,1,0,,,,gcc.trace.txt
16,2,8,,8,256,,2,1,,,,gcc.trace.txt
16,2,2048,0.1183,8,131072,0.3985,0,0,,0,,gcc.trace.txt
64,2,8192,0.0455,2,262144,0.3195,0,0,,0,,gcc.trace.txt
32,8,16,,1,256,,0,0,,,,gcc.trace.txt
16,8,32,,2,512,,2,2,,,,gcc.trace.txt
16,1,32,0.5884,8,128,0.5851,0,1,,0,,gcc.trace.txt
32,1,8,,4,0,,0,1,,,,gcc.trace.txt
32,1,64,0.5338,4,256,0.5349,2,1,,0,,gcc.trace.txt
16,8,8,,2,0,,1,0,,,,gcc.trace.txt
32,2,8,,4,128,,2,1,,,,gcc.trace.txt
16,2,8,,1,512,,2,0,,,,gcc.trace.txt
16,8,32,,4,256,,0,1,,,,gcc.trace.txt
32,1,64,0.5338,2,512,0.4129,0,2,,0,,gcc.trace.txt
32,1,16,,8,512,,1,2,,,,gcc.trace.txt
64,4,4096,0.0619,2,131072,0.2359,0,0,,0,,gcc.trace.txt
32,2,8,,2,0,,1,1,,,,gcc.trace.txt
16,4,8,,8,0,,0,2,,,,gcc.trace.txt
32,1,8,,1,256,,2,2,,,,gcc.trace.txt
32,4,32,,8,128,,1,0,,,,gcc.trace.txt
32,2,64,0.5039,1,128,0.8132,2,2,,0,,gcc.trace.txt
16,1,8,,2,128,,0,0,,,,gcc.trace.txt
32,8,32,,1,0,,0,0,,,,gcc.trace.txt
64,4,4096,0.0619,8,262144,0.2346,0,0,,0,,gcc.trace.txt
16,4,8,,2,512,,1,0,,,,gcc.trace.txt
16,1,32,,4,0,,0,1,,,,gcc.trace.txt
16,8,64,,8,512,,2,0,,,,gcc.trace.txt
16,1,16,,4,0,,0,2,,,,gcc.trace.txt
32,4,16,,8,128,,0,2,,,,gcc.trace.txt
32,2,32,,8,256,,1,1,,,,gcc.trace.txt
32,1,32,0.6165,8,512,0.3103,0,0,,0,,gcc.trace.txt
32,1,16,,8,0,,0,0,,,,gcc.trace.txt
16,2,4096,0.0875,8,131072,0.5386,0,0,,0,,gcc.trace.txt
16,2,32,,2,0,,1,1,,,,gcc.trace.txt
64,4,8192,0.0386,4,524288,0.3763,0,0,,0,,gcc.trace.txt
32,4,8,,4,256,,2,0,,,,gcc.trace.txt
16,2,16,,2,0,,1,2,,,,gcc.trace.txt
16,4,2048,0.1062,4,524288,0.4437,0,0,,0,,gcc.trace.txt
16,2,4096,0.0875,2,262144,0.5388,0,0,,0,,gcc.trace.txt
32,8,32,,1,256,,1,2,,,,gcc.trace.txt
16,4,32,,8,512,,1,1,,,,gcc.trace.txt
16,8,64,,2,128,,1,0,,,,gcc.trace.txt
16,4,8,,8,128,,2,0,,,,gcc.trace.txt
32,4,16,,4,256,,1,1,,,,gcc.trace.txt
32,2,32,,4,128,,0,2,,,,gcc.trace.txt
16,2,64,0.4721,8,256,0.5456,2,2,,0,,gcc.trace.txt
16,4,32,,1,256,,1,0,,,,gcc.trace.txt
32,4,2048,0.0962,0,0,0.0,0,0,,0,,gcc.trace.txt
32,8,8,,2,0,,2,0,,,,gcc.trace.txt
16,8,64,,1,256,,2,1,,,,gcc.trace.txt
16,2,16,,4,512,,1,1,,,,gcc.trace.txt
16,4,8192,0.0595,2,131072,0.7939,0,0,,0,,gcc.trace.txt
64,4,2048,0.1033,8,262144,0.1406,0,0,,0,,gcc.trace.txt
16,1,16,0.6836,4,256,0.3842,0,0,,0,,gcc.trace.txt
32,1,8192,0.067,2,262144,0.3857,0,0,,0,,gcc.trace.txt
32,2,65536,0.0271,0,0,0.0,0,0,/Users/kaylaradu/GitHubRepos/GitNCSU/ECE492-MicroArch/traces/gcc_trace.txt,0,graph1_size_assoc,gcc.trace.txt
32,1,32,0.6165,1,256,0.5411,0,1,,0,,gcc.trace.txt
16,4,32,,2,128,,2,1,,,,gcc.trace.txt
32,1,8192,0.067,8,131072,0.3854,0,0,,0,,gcc.trace.txt
16,2,8,,2,0,,2,1,,,,gcc.trace.txt
16,8,16,,8,128,,0,0,,,,gcc.trace.txt
32,2,32,,1,512,,1,0,,,,gcc.trace.txt
64,4,2048,0.1033,2,131072,0.1414,0,0,,0,,gcc.trace.txt
16,4,8192,0.0595,8,262144,0.7928,0,0,,0,,gcc.trace.txt
16,4,64,0.4645,8,512,0.418,2,2,,0,,gcc.trace.txt
32,2,16,,4,512,,1,1,,,,gcc.trace.txt
16,8,64,,1,0,,1,1,,,,gcc.trace.txt
64,4,1024,0.1584,8,524288,0.0917,0,0,,0,,gcc.trace.txt
32,1,16,,4,256,,0,0,,,,gcc.trace.txt
16,8,8,,2,512,,1,2,,,,gcc.trace.txt
32,2,8,,8,0,,2,0,,,,gcc.trace.txt
16,1,32,0.5884,1,256,0.5143,0,1,,0,,gcc.trace.txt
32,4,32,,2,128,,2,1,,,,gcc.trace.txt
32,8,16,,8,128,,0,0,,,,gcc.trace.txt
16,2,32,0.5666,1,512,0.4294,1,0,,0,,gcc.trace.txt
32,8,8,,4,256,,2,2,,,,gcc.trace.txt
16,2,32,0.5666,4,128,0.6179,0,2,,0,,gcc.trace.txt
16,4,16,,4,256,,1,1,,,,gcc.trace.txt
32,4,16,,1,0,,2,0,,,,gcc.trace.txt
64,8,32768,0.015,4,262144,0.968,0,0,,0,,gcc.trace.txt
32,4,32,,1,256,,1,0,,,,gcc.trace.txt
32,8,8,,2,512,,0,1,,,,gcc.trace.txt
32,1,8,,8,128,,2,2,,,,gcc.trace.txt
16,8,8,,8,0,,2,1,,,,gcc.trace.txt
16,4,2048,0.1062,0,0,0.0,0,0,,0,,gcc.trace.txt
16,8,8,,8,128,,2,2,,,,gcc.trace.txt
16,1,8,,2,512,,0,1,,,,gcc.trace.txt
16,4,16,,2,0,,0,0,,,,gcc.trace.txt
16,2,8,,2,256,,1,0,,,,gcc.trace.txt
32,1,8,,1,0,,1,2,,,,gcc.trace.txt
16,4,64,0.4645,2,128,0.7709,1,2,,0,,gcc.trace.txt
16,1,8,,4,256,,2,2,,,,gcc.trace.txt
16,4,64,,4,0,,2,1,,,,gcc.trace.txt
16,4,1024,0.1473,4,262144,0.3199,0,0,,0,,gcc.trace.txt
32,1,1024,0.1935,4,131072,0.1335,0,0,,0,,gcc.trace.txt
32,4,32,,8,512,,1,1,,,,gcc.trace.txt
16,8,32,,1,256,,1,2,,,,gcc.trace.txt
32,2,16384,0.0338,4,131072,0.763,0,0,,0,,gcc.trace.txt
16,8,16,,8,0,,1,2,,,,gcc.trace.txt
32,2,8,,4,512,,2,0,,,,gcc.trace.txt
16,8,32,,8,0,,1,1,,,,gcc.trace.txt
16,2,8,,1,128,,2,1,,,,gcc.trace.txt
32,8,16,,4,0,,1,0,,,,gcc.trace.txt
16,2,32,0.5666,8,256,0.4543,1,1,,0,,gcc.trace.txt
16,4,16,,8,128,,0,2,,,,gcc.trace.txt
32,1,8192,0.067,8,16384,0.3967,0,0,/Users/kaylaradu/GitHubRepos/GitNCSU/ECE492-MicroArch/traces/gcc_trace.txt,0,graph3_l2,gcc.trace.txt
32,1,8,,2,512,,1,2,,,,gcc.trace.txt
16,1,32,0.5884,8,512,0.3305,0,0,,0,,gcc.trace.txt
32,8,16,,8,256,,2,2,,,,gcc.trace.txt
16,4,16,,1,512,,2,1,,,,gcc.trace.txt
32,2,16,,2,128,,1,0,,,,gcc.trace.txt
32,8,8,,1,512,,1,2,,,,gcc.trace.txt
32,1,4096,0.1002,8,524288,0.2578,0,0,,0,,gcc.trace.txt
64,2,8192,0.0455,4,262144,0.3191,0,0,,0,,gcc.trace.txt
16,4,64,,8,0,,1,0,,,,gcc.trace.txt
32,1,16,,4,128,,2,2,,,,gcc.trace.txt
32,4,32,,4,512,,2,0,,,,gcc.trace.txt
16,2,8,,8,512,,0,2,,,,gcc.trace.txt
16,2,2048,0.1183,4,262144,0.3985,0,0,,0,,gcc.trace.txt
16,4,4096,0.0755,2,524288,0.6239,0,0,,0,,gcc.trace.txt
32,2,8,,8,512,,1,1,,,,gcc.trace.txt
16,8,32,,4,0,,2,0,,,,gcc.trace.txt
32,2,16,,1,256,,2,1,,,,gcc.trace.txt
32,1,8,,8,256,,0,0,,,,gcc.trace.txt
16,1,32,0.5884,2,256,0.4808,1,2,,0,,gcc.trace.txt
16,4,8,,1,0,,2,0,,,,gcc.trace.txt
32,2,64,,8,128,,0,0,,,,gcc.trace.txt
32,8,16,,8,0,,2,1,,,,gcc.trace.txt
16,8,64,,2,0,,0,2,,,,gcc.trace.txt
16,8,8,,1,512,,0,1,,,,gcc.trace.txt
16,2,32,0.5666,4,256,0.4635,2,0,,0,,gcc.trace.txt
32,8,32,,8,0,,2,2,,,,gcc.trace.txt
32,8,8,,4,128,,0,0,,,,gcc.trace.txt
64,2,2048,0.1158,8,524288,0.1253,0,0,,0,,gcc.trace.txt
32,2,16,,8,512,,2,0,,,,gcc.trace.txt
32,1,8,,1,512,,0,1,,,,gcc.trace.txt
16,1,8,,4,128,,0,0,,,,gcc.trace.txt
32,2,8,,1,256,,1,0,,,,gcc.trace.txt
32,2,8,,4,0,,1,1,,,,gcc.trace.txt
64,4,4096,0.0619,4,131072,0.2346,0,0,,0,,gcc.trace.txt
32,1,64,0.5338,1,128,0.8116,1,0,,0,,gcc.trace.txt
16,2,8192,0.0638,8,524288,0.7391,0,0,,0,,gcc.trace.txt
16,8,8,,8,256,,0,0,,,,gcc.trace.txt
16,8,32,,2,256,,0,1,,,,gcc.trace.txt
32,1,64,0.5338,4,512,0.3768,0,2,,0,,gcc.trace.txt
32,2,8,,2,128,,2,1,,,,gcc.trace.txt
16,4,16,,8,256,,2,0,,,,gcc.trace.txt
16,8,32,,4,512,,2,2,,,,gcc.trace.txt
16,4,32,,1,0,,1,0,,,,gcc.trace.txt
16,4,64,0.4645,1,128,0.78,0,1,,0,,gcc.trace.txt
16,8,8,,4,0,,1,0,,,,gcc.trace.txt
32,1,8,,2,0,,0,1,,,,gcc.trace.txt
32,1,64,0.5338,2,256,0.5719,2,1,,0,,gcc.trace.txt
16,1,8,,1,512,,1,2,,,,gcc.trace.txt
32,4,8,,1,512,,1,0,,,,gcc.trace.txt
32,8,32,,2,256,,0,1,,,,gcc.trace.txt
16,1,64,0.4967,4,512,0.3986,0,2,,0,,gcc.trace.txt
32,4,16,,8,256,,2,0,,,,gcc.trace.txt
16,4,8,,4,128,,1,1,,,,gcc.trace.txt
32,8,32,,4,512,,2,2,,,,gcc.trace.txt
16,2,16,,1,0,,0,1,,,,gcc.trace.txt
64,8,16384,0.0196,4,262144,0.7416,0,0,,0,,gcc.trace.txt
16,1,64,0.4967,2,256,0.5695,2,1,,0,,gcc.trace.txt
16,1,8,,8,0,,0,0,,,,gcc.trace.txt
16,2,32,,1,0,,0,2,,,,gcc.trace.txt
64,8,8192,0.0316,0,0,0.0,0,0,,0,,gcc.trace.txt
64,2,1024,0.1714,8,262144,0.0847,0,0,,0,,gcc.trace.txt
16,2,16,,8,512,,2,0,,,,gcc.trace.txt
16,1,64,0.4967,1,128,0.8099,1,0,,0,,gcc.trace.txt
64,2,1024,0.1714,2,131072,0.0852,0,0,,0,,gcc.trace.txt
32,4,8,,4,128,,0,2,,,,gcc.trace.txt
32,1,64,,2,0,,1,0,,,,gcc.trace.txt
16,8,64,,4,512,,1,1,,,,gcc.trace.txt
16,2,16,,1,256,,2,1,,,,gcc.trace.txt
32,1,32,0.6165,2,256,0.4952,1,2,,0,,gcc.trace.txt
16,2,64,0.4721,8,128,0.7315,0,0,,0,,gcc.trace.txt
16,4,8,,8,256,,0,2,,,,gcc.trace.txt
32,2,32,,4,256,,2,0,,,,gcc.trace.txt
32,2,32768,0.0288,4,131072,0.8962,0,0,,0,,gcc.trace.txt
32,4,16,,1,512,,2,1,,,,gcc.trace.txt
16,8,16,,8,256,,2,2,,,,gcc.trace.txt
32,4,8,,8,256,,1,1,,,,gcc.trace.txt
16,2,16,,2,128,,1,0,,,,gcc.trace.txt
32,2,64,,4,0,,0,0,,,,gcc.trace.txt
16,1,16,0.6836,4,128,0.5117,2,2,,0,,gcc.trace.txt
32,2,32,,2,0,,2,2,,,,gcc.trace.txt
16,2,64,,8,0,,0,2,,,,gcc.trace.txt
16,4,32,,4,512,,2,0,,,,gcc.trace.txt
32,2,16,,2,0,,2,1,,,,gcc.trace.txt
16,2,1024,0.16,4,524288,0.2945,0,0,,0,,gcc.trace.txt
64,8,32768,0.015,8,131072,0.968,0,0,,0,,gcc.trace.txt
16,8,8,,1,128,,0,0,,,,gcc.trace.txt
32,8,8,,4,512,,0,1,,,,gcc.trace.txt
32,1,64,0.5338,8,256,0.529,1,0,,0,,gcc.trace.txt
32,2,8,,8,128,,1,0,,,,gcc.trace.txt
16,2,32,0.5666,2,128,0.6525,0,2,,0,,gcc.trace.txt
16,4,16,,2,256,,1,1,,,,gcc.trace.txt
32,128,4096,0.0495,0,0,0.0,0,0,/Users/kaylaradu/GitHubRepos/GitNCSU/ECE492-MicroArch/traces/gcc_trace.txt,0,graph1_size_assoc,gcc.trace.txt
64,8,32768,0.015,2,262144,0.9693,0,0,,0,,gcc.trace.txt
32,8,8,,2,256,,2,2,,,,gcc.trace.txt
16,4,64,0.4645,8,256,0.5548,0,1,,0,,gcc.trace.txt
32,4,32,,4,128,,2,1,,,,gcc.trace.txt
32,1,16,,2,256,,0,0,,,,gcc.trace.txt
16,4,16,,1,128,,2,0,,,,gcc.trace.txt
16,8,8,,4,512,,1,2,,,,gcc.trace.txt
32,2,16,,2,512,,1,1,,,,gcc.trace.txt
32,4096,131072,0.0258,0,0,0.0,0,0,/Users/kaylaradu/GitHubRepos/GitNCSU/ECE492-MicroArch/traces/gcc_trace.txt,0,graph1_size_assoc,gcc.trace.txt
16,1,32,0.5884,1,512,0.4171,2,2,,0,,gcc.trace.txt
16,4,64,0.4645,1,512,0.5158,0,0,,0,,gcc.trace.txt
32,1,8,,4,512,,1,2,,,,gcc.trace.txt
32,8,16,,2,0,,1,0,,,,gcc.trace.txt
32,2,16384,0.0338,8,262144,0.763,0,0,,0,,gcc.trace.txt
32,2,8,,1,0,,0,2,,,,gcc.trace.txt
32,4,32768,0.0264,8,524288,0.978,0,0,,0,,gcc.trace.txt
32,2,16384,0.0338,2,131072,0.766,0,0,,0,,gcc.trace.txt
32,8,16,,1,128,,2,2,,,,gcc.trace.txt
32,2,8,,2,512,,2,0,,,,gcc.trace.txt
32,4,32,,8,0,,0,1,,,,gcc.trace.txt
32,1,64,0.5338,1,512,0.4971,1,1,,0,,gcc.trace.txt
16,4,64,,2,0,,2,1,,,,gcc.trace.txt
16,1,8,,2,256,,2,2,,,,gcc.trace.txt
32,4,16,,8,0,,0,2,,,,gcc.trace.txt
16,4,1024,0.1473,2,262144,0.3201,0,0,,0,,gcc.trace.txt
32,1,1024,0.1935,2,131072,0.1339,0,0,,0,,gcc.trace.txt
32,2,64,0.5039,1,256,0.6437,0,0,,0,,gcc.trace.txt
32,1,8,,1,128,,0,0,,,,gcc.trace.txt
16,2,8,,4,256,,1,0,,,,gcc.trace.txt
32,2,16,,8,128,,2,1,,,,gcc.trace.txt
16,4,64,0.4645,4,128,0.7537,1,2,,0,,gcc.trace.txt
32,1,1024,0.1935,8,262144,0.1335,0,0,,0,,gcc.trace.txt
16,1,8,,4,512,,0,1,,,,gcc.trace.txt
16,4,1024,0.1473,8,131072,0.3199,0,0,,0,,gcc.trace.txt
16,4,16,,4,0,,0,0,,,,gcc.trace.txt
32,2,16,,8,0,,1,0,,,,gcc.trace.txt
16,1,64,0.4967,1,512,0.4942,1,1,,0,,gcc.trace.txt
16,4,2048,0.1062,2,524288,0.4437,0,0,,0,,gcc.trace.txt
16,4,8,,1,128,,0,2,,,,gcc.trace.txt
16,2,64,0.4721,1,256,0.6241,0,0,,0,,gcc.trace.txt
16,2,4096,0.0875,4,262144,0.5386,0,0,,0,,gcc.trace.txt
32,4,8,,2,256,,2,0,,,,gcc.trace.txt
16,2,16,,8,128,,2,1,,,,gcc.trace.txt
16,2,16,,4,0,,1,2,,,,gcc.trace.txt
16,2,32,,4,0,,1,1,,,,gcc.trace.txt
32,1,2048,0.1477,8,524288,0.1748,0,0,,0,,gcc.trace.txt
64,4,8192,0.0386,2,524288,0.3763,0,0,,0,,gcc.trace.txt
16,1,16,,2,0,,0,2,,,,gcc.trace.txt
32,1,64,,8,0,,2,1,,,,gcc.trace.txt
32,4,8,,1,128,,1,1,,,,gcc.trace.txt
32,4,8,,1,0,,1,0,,,,gcc.trace.txt
16,8,16,,1,128,,2,2,,,,gcc.trace.txt
16,1,32,,2,0,,0,1,,,,gcc.trace.txt
16,4,8,,4,512,,1,0,,,,gcc.trace.txt
64,4,2048,0.1033,4,131072,0.1406,0,0,,0,,gcc.trace.txt
16,2,8,,4,0,,2,1,,,,gcc.trace.txt
16,8,64,,1,512,,0,2,,,,gcc.trace.txt
16,4,32,,4,128,,2,1,,,,gcc.trace.txt
16,4,8192,0.0595,4,131072,0.7928,0,0,,0,,gcc.trace.txt
32,1,32,,1,0,,2,1,,,,gcc.trace.txt
16,1,16,0.6836,2,256,0.4138,0,0,,0,,gcc.trace.txt
32,1,8192,0.067,4,262144,0.3854,0,0,,0,,gcc.trace.txt
64,2,4096,0.0784,8,524288,0.1852,0,0,,0,,gcc.trace.txt
32,4,16,,1,128,,2,0,,,,gcc.trace.txt
16,2,16,,2,512,,1,1,,,,gcc.trace.txt
32,1,16,,1,0,,2,2,,,,gcc.trace.txt
32,1,32,0.6165,1,512,0.4304,2,2,,0,,gcc.trace.txt
32,8,8,,4,0,,2,0,,,,gcc.trace.txt
16,2,64,0.4721,8,512,0.4116,0,1,,0,,gcc.trace.txt
32,4,2048,0.0962,0,0,0.0,0,0,/Users/kaylaradu/GitHubRepos/GitNCSU/ECE492-MicroArch/traces/gcc_trace.txt,0,graph1_size_assoc,gcc.trace.txt
16,1,64,0.4967,8,256,0.5219,1,0,,0,,gcc.trace.txt
32,4,16,,2,256,,1,1,,,,gcc.trace.txt
32,2,32,,2,128,,0,2,,,,gcc.trace.txt
16,8,64,,4,128,,1,0,,,,gcc.trace.txt
16,1,16,0.6836,1,128,0.5884,2,1,,0,,gcc.trace.txt
32,2,32,,2,128,,1,2,,,,gcc.trace.txt
32,4,16,,2,256,,0,1,,,,gcc.trace.txt
16,8,64,,4,128,,0,0,,,,gcc.trace.txt
32,8,32,,8,256,,2,0,,,,gcc.trace.txt
16,2,64,0.4721,8,512,0.4116,1,1,,0,,gcc.trace.txt
32,4,16,,4,512,,2,2,,,,gcc.trace.txt
16,1,8,,2,0,,2,1,,,,gcc.trace.txt
16,1,64,0.4967,8,256,0.5219,0,0,,0,,gcc.trace.txt
32,1,32,0.6165,4,128,0.6518,2,0,,0,,gcc.trace.txt
16,1,16,0.6836,2,256,0.4138,1,0,,0,,gcc.trace.txt
16,2,16,,2,512,,0,1,,,,gcc.trace.txt
16,8,32768,0.0475,4,262144,0.993,0,0,,0,,gcc.trace.txt
32,4,8192,0.0425,4,524288,0.608,0,0,,0,,gcc.trace.txt
16,2,16,,4,256,,2,2,,,,gcc.trace.txt
16,8,64,,1,512,,1,2,,,,gcc.trace.txt
32,4,8,,1,128,,0,1,,,,gcc.trace.txt
16,1,16,,2,0,,1,2,,,,gcc.trace.txt
16,1,32,,2,0,,1,1,,,,gcc.trace.txt
16,4,8,,4,512,,0,0,,,,gcc.trace.txt
32,2,32,,8,512,,2,2,,,,gcc.trace.txt
32,4,8,,1,0,,0,0,,,,gcc.trace.txt
16,2,64,0.4721,2,128,0.7765,2,1,,0,,gcc.trace.txt
16,2,16,,4,0,,0,2,,,,gcc.trace.txt
32,8,32,,1,512,,2,1,,,,gcc.trace.txt
16,4,32,,8,256,,2,2,,,,gcc.trace.txt
32,4,2048,0.0962,2,131072,0.2692,0,0,,0,,gcc.trace.txt
64,1,8192,0.0658,8,131072,0.2206,0,0,,0,,gcc.trace.txt
16,1,2048,0.1506,2,262144,0.3131,0,0,,0,,gcc.trace.txt
16,2,32,,4,0,,0,1,,,,gcc.trace.txt
16,1,64,0.4967,1,512,0.4942,0,1,,0,,gcc.trace.txt
32,2,16,,8,0,,0,0,,,,gcc.trace.txt
16,1,2048,0.1506,8,131072,0.313,0,0,,0,,gcc.trace.txt
16,2,64,0.4721,1,256,0.6241,1,0,,0,,gcc.trace.txt
64,1,8192,0.0658,2,262144,0.2209,0,0,,0,,gcc.trace.txt
16,4,8,,1,128,,1,2,,,,gcc.trace.txt
16,8,16,,4,512,,2,0,,,,gcc.trace.txt
32,8,2048,0.0907,8,16384,0.3053,0,0,,0,,gcc.trace.txt
32,4,2048,0.0962,8,262144,0.2683,0,0,,0,,gcc.trace.txt
16,4,64,0.4645,4,128,0.7537,0,2,,0,,gcc.trace.txt
32,4,32,,8,256,,2,2,,,,gcc.trace.txt
16,8,32,,1,512,,2,1,,,,gcc.trace.txt
16,2,8,,4,256,,0,0,,,,gcc.trace.txt
32,1,8,,1,128,,1,0,,,,gcc.trace.txt
16,4,16,,4,0,,1,0,,,,gcc.trace.txt
16,1,8,,4,512,,1,1,,,,gcc.trace.txt
16,1,1024,0.1922,2,524288,0.2452,0,0,,0,,gcc.trace.txt
32,1,64,0.5338,1,512,0.4971,0,1,,0,,gcc.trace.txt
32,4,32,,8,0,,1,1,,,,gcc.trace.txt
32,2,64,0.5039,1,256,0.6437,1,0,,0,,gcc.trace.txt
32,8,16,,4,512,,2,0,,,,gcc.trace.txt
32,4,16,,8,0,,1,2,,,,gcc.trace.txt
32,4,1024,0.1427,8,524288,0.1809,0,0,,0,,gcc.trace.txt
32,1,8,,2,256,,2,1,,,,gcc.trace.txt
32,2,8,,1,0,,1,2,,,,gcc.trace.txt
16,2,32,0.5666,8,512,0.343,2,2,,0,,gcc.trace.txt
32,1,32768,0.0377,2,131072,0.6874,0,0,,0,,gcc.trace.txt
32,1,8,,4,512,,0,2,,,,gcc.trace.txt
16,4,64,0.4645,1,512,0.5158,1,0,,0,,gcc.trace.txt
32,1,32768,0.0377,8,262144,0.6852,0,0,,0,,gcc.trace.txt
32,8,16,,2,0,,0,0,,,,gcc.trace.txt
32,2,64,0.5039,2,128,0.8165,2,1,,0,,gcc.trace.txt
64,1,1024,0.2149,4,131072,0.0676,0,0,,0,,gcc.trace.txt
16,8,8,,4,512,,0,2,,,,gcc.trace.txt
32,1,16,,2,256,,1,0,,,,gcc.trace.txt
32,2,16,,2,512,,0,1,,,,gcc.trace.txt
16,8,16,,1,0,,2,0,,,,gcc.trace.txt
16,8,8,,2,256,,2,1,,,,gcc.trace.txt
32,2,16,,4,256,,2,2,,,,gcc.trace.txt
16,4,64,0.4645,8,256,0.5548,1,1,,0,,gcc.trace.txt
32,1,16,,1,128,,2,1,,,,gcc.trace.txt
16,4,16,,2,256,,0,1,,,,gcc.trace.txt
32,2,8,,8,128,,0,0,,,,gcc.trace.txt
16,2,32,0.5666,2,128,0.6525,1,2,,0,,gcc.trace.txt
16,8,32,,8,256,,2,0,,,,gcc.trace.txt
16,8,8,,1,128,,1,0,,,,gcc.trace.txt
16,4,16,,4,512,,2,2,,,,gcc.trace.txt
32,1,64,0.5338,8,256,0.529,0,0,,0,,gcc.trace.txt
32,1,8,,8,0,,2,0,,,,gcc.trace.txt
64,8,1024,0.1473,0,0,0.0,0,0,,0,,gcc.trace.txt
16,1,32,0.5884,4,128,0.5946,2,0,,0,,gcc.trace.txt
32,8,8,,4,512,,1,1,,,,gcc.trace.txt
16,2,64,,8,0,,1,2,,,,gcc.trace.txt
32,2,1024,0.156,4,131072,0.1655,0,0,,0,,gcc.trace.txt
32,2,64,,4,0,,1,0,,,,gcc.trace.txt
16,2,16,,2,128,,0,0,,,,gcc.trace.txt
32,4,8,,8,256,,0,1,,,,gcc.trace.txt
16,4,8,,8,256,,1,2,,,,gcc.trace.txt
32,1,32,,4,0,,2,2,,,,gcc.trace.txt
16,2,64,0.4721,8,128,0.7315,1,0,,0,,gcc.trace.txt
32,1,16384,0.0461,4,131072,0.5602,0,0,,0,,gcc.trace.txt
32,1,16,,4,0,,2,1,,,,gcc.trace.txt
32,1,32,0.6165,4,512,0.3262,2,1,,0,,gcc.trace.txt
16,8,64,,2,256,,2,2,,,,gcc.trace.txt
16,2,8,,1,0,,2,2,,,,gcc.trace.txt
16,1,32,,8,0,,2,0,,,,gcc.trace.txt
16,1,16,0.6836,1,512,0.359,2,0,,0,,gcc.trace.txt
32,1,32,0.6165,2,256,0.4952,0,2,,0,,gcc.trace.txt
16,4,32,,1,128,,2,2,,,,gcc.trace.txt
16,8,64,,4,512,,0,1,,,,gcc.trace.txt
32,1,64,,2,0,,0,0,,,,gcc.trace.txt
32,4,8,,4,128,,1,2,,,,gcc.trace.txt
16,1,64,0.4967,1,128,0.8099,0,0,,0,,gcc.trace.txt
32,2,16384,0.0338,0,0,0.0,0,0,,0,,gcc.trace.txt
16,8,16,,4,128,,2,1,,,,gcc.trace.txt
16,1,64,,1,0,,2,0,,,,gcc.trace.txt
32,8,32,,1,128,,2,0,,,,gcc.trace.txt
16,1,16,0.6836,8,256,0.3769,2,1,,0,,gcc.trace.txt
16,2,16,,1,0,,1,1,,,,gcc.trace.txt
16,2,64,0.4721,2,512,0.4481,2,0,,0,,gcc.trace.txt
16,1,8,,8,0,,1,0,,,,gcc.trace.txt
16,2,32,,1,0,,1,2,,,,gcc.trace.txt
16,1,64,0.4967,4,512,0.3986,1,2,,0,,gcc.trace.txt
32,8,32,,2,256,,1,1,,,,gcc.trace.txt
32,4,8,,1,512,,0,0,,,,gcc.trace.txt
16,4,8,,4,128,,0,1,,,,gcc.trace.txt
32,1,8,,2,0,,1,1,,,,gcc.trace.txt
16,8,8,,4,0,,0,0,,,,gcc.trace.txt
16,4,64,0.4645,1,128,0.78,1,1,,0,,gcc.trace.txt
16,4,32,,1,0,,0,0,,,,gcc.trace.txt
16,1,8,,1,512,,0,2,,,,gcc.trace.txt
32,1,64,0.5338,4,512,0.3768,1,2,,0,,gcc.trace.txt
16,8,32,,2,256,,1,1,,,,gcc.trace.txt
16,2,8,,2,128,,2,2,,,,gcc.trace.txt
32,2,8192,0.0473,2,262144,0.5458,0,0,,0,,gcc.trace.txt
16,4,64,0.4645,2,256,0.6009,2,0,,0,,gcc.trace.txt
32,1,64,0.5338,1,128,0.8116,0,0,,0,,gcc.trace.txt
32,2,8,,4,0,,0,1,,,,gcc.trace.txt
16,8,16384,0.0477,8,131072,0.9878,0,0,,0,,gcc.trace.txt
16,8,8,,8,256,,1,0,,,,gcc.trace.txt
32,8,16,,4,128,,2,1,,,,gcc.trace.txt
16,8,16384,0.0477,2,262144,0.9885,0,0,,0,,gcc.trace.txt
32,1,8,,1,512,,1,1,,,,gcc.trace.txt
16,8,32,,1,128,,2,0,,,,gcc.trace.txt
32,2,8192,0.0473,8,131072,0.5454,0,0,,0,,gcc.trace.txt
32,2,8,,1,256,,0,0,,,,gcc.trace.txt
32,1,16,,8,256,,2,1,,,,gcc.trace.txt
16,1,8,,4,128,,1,0,,,,gcc.trace.txt
16,8,8,,1,512,,1,1,,,,gcc.trace.txt
16,8,64,,2,0,,1,2,,,,gcc.trace.txt
32,2,64,,8,128,,1,0,,,,gcc.trace.txt
32,8,8,,4,128,,1,0,,,,gcc.trace.txt
16,1,32,0.5884,4,512,0.3365,2,1,,0,,gcc.trace.txt
32,2,8,,8,512,,0,1,,,,gcc.trace.txt
32,1,16,,1,512,,2,0,,,,gcc.trace.txt
32,1,8,,8,256,,1,0,,,,gcc.trace.txt
16,1,32,0.5884,2,256,0.4808,0,2,,0,,gcc.trace.txt
32,4,32,,1,128,,2,2,,,,gcc.trace.txt
16,4,64,,8,0,,0,0,,,,gcc.trace.txt
32,4,32,,2,0,,2,0,,,,gcc.trace.txt
32,4,4096,0.0599,8,262144,0.4309,0,0,,0,,gcc.trace.txt
16,1,4096,0.1102,8,131072,0.4275,0,0,,0,,gcc.trace.txt
16,2,8,,8,512,,1,2,,,,gcc.trace.txt
32,4,2048,0.0962,0,0,0.0,0,0,/Users/kaylaradu/GitHubRepos/GitNCSU/ECE492-MicroArch/traces/gcc_trace.txt,0,graph4_blocksize,gcc.trace.txt
16,1,4096,0.1102,2,262144,0.4277,0,0,,0,,gcc.trace.txt
32,4,4096,0.0599,2,131072,0.4324,0,0,,0,,gcc.trace.txt
32,2,16,,2,128,,0,0,,,,gcc.trace.txt
32,8,8,,1,512,,0,2,,,,gcc.trace.txt
32,4,32,,4,512,,1,0,,,,gcc.trace.txt
32,1,1024,0.1935,2,524288,0.1335,0,0,,0,,gcc.trace.txt
32,4,32,,2,0,,0,0,,,,gcc.trace.txt
16,4,64,,8,0,,2,0,,,,gcc.trace.txt
32,1,16,,4,128,,1,2,,,,gcc.trace.txt
16,4,1024,0.1473,8,524288,0.3199,0,0,,0,,gcc.trace.txt
32,8,8,,1,512,,2,2,,,,gcc.trace.txt
32,2,16,,2,128,,2,0,,,,gcc.trace.txt
16,4,16,,1,512,,1,1,,,,gcc.trace.txt
32,8,16,,8,256,,1,2,,,,gcc.trace.txt
32,4,32768,0.0264,2,262144,0.9792,0,0,,0,,gcc.trace.txt
16,1,32,0.5884,4,512,0.3365,0,1,,0,,gcc.trace.txt
32,8,32,,8,0,,1,2,,,,gcc.trace.txt
32,8,16,,8,0,,1,1,,,,gcc.trace.txt
16,2,32,0.5666,4,256,0.4635,1,0,,0,,gcc.trace.txt
32,2,16384,0.0338,2,524288,0.763,0,0,,0,,gcc.trace.txt
16,8,32,,4,0,,1,0,,,,gcc.trace.txt
32,2,16,,1,256,,1,1,,,,gcc.trace.txt
32,4,32,,1,128,,0,2,,,,gcc.trace.txt
32,4,32768,0.0264,8,131072,0.978,0,0,,0,,gcc.trace.txt
16,1,32,0.5884,2,256,0.4808,2,2,,0,,gcc.trace.txt
16,4,8,,1,0,,1,0,,,,gcc.trace.txt
32,1,16,,1,512,,0,0,,,,gcc.trace.txt
32,2,8,,8,512,,2,1,,,,gcc.trace.txt
32,8,16,,4,128,,0,1,,,,gcc.trace.txt
32,2,8,,4,0,,2,1,,,,gcc.trace.txt
64,4,1024,0.1584,4,262144,0.0917,0,0,,0,,gcc.trace.txt
32,1,64,0.5338,1,128,0.8116,2,0,,0,,gcc.trace.txt
16,4,64,0.4645,2,256,0.6009,0,0,,0,,gcc.trace.txt
16,2,8,,2,128,,0,2,,,,gcc.trace.txt
32,1,16,,8,256,,0,1,,,,gcc.trace.txt
32,2,8,,1,256,,2,0,,,,gcc.trace.txt
32,2,16,,8,512,,1,0,,,,gcc.trace.txt
16,8,32,,1,128,,0,0,,,,gcc.trace.txt
16,1,8,,1,512,,2,2,,,,gcc.trace.txt
16,8,32,,4,512,,1,2,,,,gcc.trace.txt
16,4,32,,1,0,,2,0,,,,gcc.trace.txt
64,8,32768,0.015,8,524288,0.968,0,0,,0,,gcc.trace.txt
16,8,8,,4,0,,2,0,,,,gcc.trace.txt
32,1,64,0.5338,2,256,0.5719,1,1,,0,,gcc.trace.txt
16,4,16,,8,256,,1,0,,,,gcc.trace.txt
32,2,8,,2,128,,1,1,,,,gcc.trace.txt
16,2,64,0.4721,2,512,0.4481,0,0,,0,,gcc.trace.txt
32,8,32,,4,512,,1,2,,,,gcc.trace.txt
16,1,64,0.4967,2,256,0.5695,1,1,,0,,gcc.trace.txt
16,4,8,,4,128,,2,1,,,,gcc.trace.txt
32,4,16,,8,256,,1,0,,,,gcc.trace.txt
32,4,8,,1,512,,2,0,,,,gcc.trace.txt
32,4,4096,0.0599,8,16384,0.4598,0,0,,0,,gcc.trace.txt
16,8,16,,4,128,,0,1,,,,gcc.trace.txt
16,1,64,0.4967,1,128,0.8099,2,0,,0,,gcc.trace.txt
64,4,2048,0.1033,4,524288,0.1406,0,0,,0,,gcc.trace.txt
64,2,4096,0.0784,2,262144,0.1855,0,0,,0,,gcc.trace.txt
16,1,16,0.6836,8,256,0.3769,0,1,,0,,gcc.trace.txt
64,2,4096,0.0784,8,131072,0.1852,0,0,,0,,gcc.trace.txt
16,4,8192,0.0595,4,524288,0.7928,0,0,,0,,gcc.trace.txt
16,2,16,,8,512,,1,0,,,,gcc.trace.txt
32,8,32,,1,128,,0,0,,,,gcc.trace.txt
16,1,64,,1,0,,0,0,,,,gcc.trace.txt
64,8,32768,0.015,0,0,0.0,0,0,,0,,gcc.trace.txt
16,8,64,,2,256,,0,2,,,,gcc.trace.txt
32,1,32,0.6165,4,512,0.3262,0,1,,0,,gcc.trace.txt
32,1,16,,4,0,,0,1,,,,gcc.trace.txt
32,1,32,,4,0,,0,2,,,,gcc.trace.txt
32,2,32,,4,256,,1,0,,,,gcc.trace.txt
32,1,64,,2,0,,2,0,,,,gcc.trace.txt
16,8,64,,4,512,,2,1,,,,gcc.trace.txt
16,4,32,,1,128,,0,2,,,,gcc.trace.txt
16,2,16,,1,256,,1,1,,,,gcc.trace.txt
32,1,32,0.6165,2,256,0.4952,2,2,,0,,gcc.trace.txt
16,1,16,0.6836,1,512,0.359,0,0,,0,,gcc.trace.txt
16,1,32,,8,0,,0,0,,,,gcc.trace.txt
16,2,8,,1,0,,0,2,,,,gcc.trace.txt
16,4,32,,4,512,,1,0,,,,gcc.trace.txt
32,1,2048,0.1477,2,262144,0.1749,0,0,,0,,gcc.trace.txt
32,2,16,,2,0,,1,1,,,,gcc.trace.txt
64,4,8192,0.0386,8,262144,0.3763,0,0,,0,,gcc.trace.txt
16,4,2048,0.1062,2,131072,0.4443,0,0,,0,,gcc.trace.txt
16,1,16,0.6836,4,128,0.5117,1,2,,0,,gcc.trace.txt
32,2,32,,2,0,,1,2,,,,gcc.trace.txt
16,4,2048,0.1062,8,262144,0.4437,0,0,,0,,gcc.trace.txt
16,2,16,,2,128,,2,0,,,,gcc.trace.txt
64,4,8192,0.0386,2,131072,0.3789,0,0,,0,,gcc.trace.txt
32,4,8,,8,256,,2,1,,,,gcc.trace.txt
32,1,2048,0.1477,8,131072,0.1748,0,0,,0,,gcc.trace.txt
32,2,1024,0.156,0,0,0.0,0,0,/Users/kaylaradu/GitHubRepos/GitNCSU/ECE492-MicroArch/traces/gcc_trace.txt,0,graph1_size_assoc,gcc.trace.txt
16,8,16,,8,256,,1,2,,,,gcc.trace.txt
32,4,16,,1,512,,1,1,,,,gcc.trace.txt
32,8,8,,2,256,,1,2,,,,gcc.trace.txt
16,8,32,,8,256,,0,0,,,,gcc.trace.txt
16,4,16,,2,256,,2,1,,,,gcc.trace.txt
32,2,8,,8,128,,2,0,,,,gcc.trace.txt
32,1,1024,0.1935,0,0,0.0,0,0,,0,,gcc.trace.txt
32,1,16,,1,128,,0,1,,,,gcc.trace.txt
16,1,32,0.5884,4,128,0.5946,0,0,,0,,gcc.trace.txt
32,1,64,0.5338,8,256,0.529,2,0,,0,,gcc.trace.txt
32,1,8,,8,0,,0,0,,,,gcc.trace.txt
16,4,16,,4,512,,0,2,,,,gcc.trace.txt
32,2,16,,2,512,,2,1,,,,gcc.trace.txt
16,1,32,0.5884,1,512,0.4171,1,2,,0,,gcc.trace.txt
16,2,8192,0.0638,2,262144,0.7394,0,0,,0,,gcc.trace.txt
64,2,2048,0.1158,8,131072,0.1253,0,0,,0,,gcc.trace.txt
16,8,8,,4,512,,2,2,,,,gcc.trace.txt
16,4,16,,1,128,,1,0,,,,gcc.trace.txt
32,4,32,,4,128,,1,1,,,,gcc.trace.txt
32,2,16,,4,256,,0,2,,,,gcc.trace.txt
64,2,2048,0.1158,2,262144,0.1255,0,0,,0,,gcc.trace.txt
16,2,8192,0.0638,8,131072,0.7391,0,0,,0,,gcc.trace.txt
64,4,4096,0.0619,4,524288,0.2346,0,0,,0,,gcc.trace.txt
16,8,8,,2,256,,0,1,,,,gcc.trace.txt
16,8,16,,1,0,,0,0,,,,gcc.trace.txt
32,2,8,,2,512,,1,0,,,,gcc.trace.txt
32,8,16,,1,128,,1,2,,,,gcc.trace.txt
16,2,32,0.5666,8,512,0.343,0,2,,0,,gcc.trace.txt
16,1,1024,1.0,0,0,0.0,4,2,/Users/kaylaradu/GitHubRepos/GitNCSU/ECE492-MicroArch/traces/stream_trace.txt,0,stream_prefetch_buffers,stream.trace.txt
32,1,8,,2,256,,0,1,,,,gcc.trace.txt
32,2,64,0.5039,2,128,0.8165,0,1,,0,,gcc.trace.txt
32,8,16,,2,0,,2,0,,,,gcc.trace.txt
32,1,8,,4,512,,2,2,,,,gcc.trace.txt
32,1,4096,0.1002,8,131072,0.2578,0,0,,0,,gcc.trace.txt
16,4,4096,0.0755,8,262144,0.6239,0,0,,0,,gcc.trace.txt
32,4,32,,8,256,,0,2,,,,gcc.trace.txt
32,2,16,,8,128,,1,1,,,,gcc.trace.txt
16,2,8,,4,256,,2,0,,,,gcc.trace.txt
16,8,32,,1,512,,0,1,,,,gcc.trace.txt
16,4,64,0.4645,4,128,0.7537,2,2,,0,,gcc.trace.txt
16,4,64,,2,0,,1,1,,,,gcc.trace.txt
16,1,8,,2,256,,1,2,,,,gcc.trace.txt
32,8,16,,4,512,,0,0,,,,gcc.trace.txt
16,4,4096,0.0755,2,131072,0.6248,0,0,,0,,gcc.trace.txt
32,1,4096,0.1002,2,262144,0.258,0,0,,0,,gcc.trace.txt
32,1,64,0.5338,1,512,0.4971,2,1,,0,,gcc.trace.txt
16,2,32,,4,0,,2,1,,,,gcc.trace.txt
16,2,16,,8,128,,1,1,,,,gcc.trace.txt
32,8,32,,1,512,,0,1,,,,gcc.trace.txt
32,4,8,,2,256,,1,0,,,,gcc.trace.txt
16,4,32,,8,256,,0,2,,,,gcc.trace.txt
16,2,16,,4,0,,2,2,,,,gcc.trace.txt
16,8,16,,4,512,,0,0,,,,gcc.trace.txt
16,2,1024,0.16,4,131072,0.2945,0,0,,0,,gcc.trace.txt
32,2,16,,8,0,,2,0,,,,gcc.trace.txt
16,1,64,0.4967,1,512,0.4942,2,1,,0,,gcc.trace.txt
32,4,16384,0.0283,4,262144,0.9117,0,0,,0,,gcc.trace.txt
32,4,8,,1,0,,2,0,,,,gcc.trace.txt
16,4,8,,4,512,,2,0,,,,gcc.trace.txt
16,8,16,,1,128,,1,2,,,,gcc.trace.txt
32,2,32,,8,512,,0,2,,,,gcc.trace.txt
32,1,64,,8,0,,1,1,,,,gcc.trace.txt
32,4,8,,1,128,,2,1,,,,gcc.trace.txt
16,2,64,0.4721,2,128,0.7765,0,1,,0,,gcc.trace.txt
32,2,32768,0.0288,4,524288,0.8962,0,0,,0,,gcc.trace.txt
16,2,16,,2,512,,2,1,,,,gcc.trace.txt
32,1,16,,1,0,,1,2,,,,gcc.trace.txt
32,1,32,0.6165,1,512,0.4304,1,2,,0,,gcc.trace.txt
32,1,32,,1,0,,1,1,,,,gcc.trace.txt
32,4,16,,1,128,,1,0,,,,gcc.trace.txt
16,2,16,,4,256,,0,2,,,,gcc.trace.txt
16,4,32,,4,128,,1,1,,,,gcc.trace.txt
64,2,1024,0.1714,2,524288,0.0847,0,0,,0,,gcc.trace.txt
16,2,8,,4,0,,1,1,,,,gcc.trace.txt
32,8,32,,8,256,,0,0,,,,gcc.trace.txt
16,8,64,,4,128,,2,0,,,,gcc.trace.txt
32,4,16,,2,256,,2,1,,,,gcc.trace.txt
16,1,1024,0.1922,0,0,0.0,0,0,,0,,gcc.trace.txt
16,1,16,0.6836,1,128,0.5884,0,1,,0,,gcc.trace.txt
32,1,32,0.6165,4,128,0.6518,0,0,,0,,gcc.trace.txt
16,1,64,0.4967,8,256,0.5219,2,0,,0,,gcc.trace.txt
16,1,8,,2,0,,0,1,,,,gcc.trace.txt
32,8,8,,4,0,,1,0,,,,gcc.trace.txt
32,4,16,,4,512,,0,2,,,,gcc.trace.txt
32,1,32,0.6165,4,128,0.6518,1,0,,0,,gcc.trace.txt
16,2,64,0.4721,8,512,0.4116,2,1,,0,,gcc.trace.txt
32,8,8,,4,0,,0,0,,,,gcc.trace.txt
32,4,16,,4,512,,1,2,,,,gcc.trace.txt
16,1,8,,2,0,,1,1,,,,gcc.trace.txt
32,8,32,,8,256,,1,0,,,,gcc.trace.txt
16,1,16,0.6836,1,128,0.5884,1,1,,0,,gcc.trace.txt
32,2,32,,2,128,,2,2,,,,gcc.trace.txt
16,4,32,,4,128,,0,1,,,,gcc.trace.txt
16,2,16,,4,256,,1,2,,,,gcc.trace.txt
16,8,64,,1,512,,2,2,,,,gcc.trace.txt
16,2,8,,4,0,,0,1,,,,gcc.trace.txt
32,1,32,0.6165,1,512,0.4304,0,2,,0,,gcc.trace.txt
32,1,16,,1,0,,0,2,,,,gcc.trace.txt
32,4,16,,1,128,,0,0,,,,gcc.trace.txt
16,1,16,0.6836,2,256,0.4138,2,0,,0,,gcc.trace.txt
32,1,32,,1,0,,0,1,,,,gcc.trace.txt
32,1,16384,0.0461,4,524288,0.5602,0,0,,0,,gcc.trace.txt
16,2,64,0.4721,2,128,0.7765,1,1,,0,,gcc.trace.txt
32,2,32,,8,512,,1,2,,,,gcc.trace.txt
16,8,16,,1,128,,0,2,,,,gcc.trace.txt
16,1,32,,2,0,,2,1,,,,gcc.trace.txt
32,1,64,,8,0,,0,1,,,,gcc.trace.txt
16,1,16,,2,0,,2,2,,,,gcc.trace.txt
16,2,64,0.4721,1,256,0.6241,2,0,,0,,gcc.trace.txt
16,8,16,,4,512,,1,0,,,,gcc.trace.txt
16,4,8,,1,128,,2,2,,,,gcc.trace.txt
32,2,1024,0.156,4,524288,0.1655,0,0,,0,,gcc.trace.txt
32,4,8,,2,256,,0,0,,,,gcc.trace.txt
16,4,32,,8,256,,1,2,,,,gcc.trace.txt
32,8,32,,1,512,,1,1,,,,gcc.trace.txt
16,2,16,,8,128,,0,1,,,,gcc.trace.txt
32,2,64,0.5039,1,256,0.6437,2,0,,0,,gcc.trace.txt
16,1,4096,0.1102,8,524288,0.4275,0,0,,0,,gcc.trace.txt
32,8,16,,4,512,,1,0,,,,gcc.trace.txt
16,1,8,,2,256,,0,2,,,,gcc.trace.txt
32,4,16,,8,0,,2,2,,,,gcc.trace.txt
16,4,64,,2,0,,0,1,,,,gcc.trace.txt
32,4,32,,8,0,,2,1,,,,gcc.trace.txt
16,4,16,,4,0,,2,0,,,,gcc.trace.txt
32,4,4096,0.0599,2,524288,0.4309,0,0,,0,,gcc.trace.txt
16,1,8,,4,512,,2,1,,,,gcc.trace.txt
32,2,2048,0.1071,4,262144,0.241,0,0,,0,,gcc.trace.txt
32,4,8192,0.0425,8,32768,0.6181,0,0,/Users/kaylaradu/GitHubRepos/GitNCSU/ECE492-MicroArch/traces/gcc_trace.txt,0,graph5_l2size,gcc.trace.txt
16,8,32,,1,512,,1,1,,,,gcc.trace.txt
32,2,16,,8,128,,0,1,,,,gcc.trace.txt
32,4,32,,8,256,,1,2,,,,gcc.trace.txt
32,1,8,,1,128,,2,0,,,,gcc.trace.txt
32,2,64,0.5039,2,128,0.8165,1,1,,0,,gcc.trace.txt
16,4,64,0.4645,1,512,0.5158,2,0,,0,,gcc.trace.txt
32,2,8,,2,512,,0,0,,,,gcc.trace.txt
16,2,32,0.5666,8,512,0.343,1,2,,0,,gcc.trace.txt
32,8,16,,1,128,,0,2,,,,gcc.trace.txt
32,1,8,,2,256,,1,1,,,,gcc.trace.txt
32,2,8,,1,0,,2,2,,,,gcc.trace.txt
32,2,16,,4,256,,1,2,,,,gcc.trace.txt
32,4,32,,4,128,,0,1,,,,gcc.trace.txt
16,4,64,0.4645,8,256,0.5548,2,1,,0,,gcc.trace.txt
16,8,16,,1,0,,1,0,,,,gcc.trace.txt
16,8,8,,2,256,,1,1,,,,gcc.trace.txt
16,8,16384,0.0477,8,524288,0.9878,0,0,,0,,gcc.trace.txt
32,1,32768,0.0377,0,0,0.0,0,0,,0,,gcc.trace.txt
16,1,32,0.5884,1,512,0.4171,0,2,,0,,gcc.trace.txt
64,1,4096,0.1021,4,262144,0.1422,0,0,,0,,gcc.trace.txt
16,4,16,,1,128,,0,0,,,,gcc.trace.txt
32,2,8192,0.0473,8,524288,0.5454,0,0,,0,,gcc.trace.txt
32,1,16,,2,256,,2,0,,,,gcc.trace.txt
32,2,524288,0.0258,0,0,0.0,0,0,/Users/kaylaradu/GitHubRepos/GitNCSU/ECE492-MicroArch/traces/gcc_trace.txt,0,graph1_size_assoc,gcc.trace.txt
32,1,8,,8,0,,1,0,,,,gcc.trace.txt
16,1,32,0.5884,4,128,0.5946,1,0,,0,,gcc.trace.txt
32,8,8,,4,512,,2,1,,,,gcc.trace.txt
32,1,262144,0.0258,0,0,0.0,0,0,/Users/kaylaradu/GitHubRepos/GitNCSU/ECE492-MicroArch/traces/gcc_trace.txt,0,graph1_size_assoc,gcc.trace.txt
16,4,16,,4,512,,1,2,,,,gcc.trace.txt
16,8,8,,1,128,,2,0,,,,gcc.trace.txt
32,8,8,,2,256,,0,2,,,,gcc.trace.txt
16,8,32,,8,256,,1,0,,,,gcc.trace.txt
32,1,16,,1,128,,1,1,,,,gcc.trace.txt
16,2,32,0.5666,2,128,0.6525,2,2,,0,,gcc.trace.txt
64,1,8192,0.0658,8,524288,0.2206,0,0,,0,,gcc.trace.txt
32,2,64,,4,0,,2,0,,,,gcc.trace.txt
32,2,4096,0.0753,4,262144,0.343,0,0,,0,,gcc.trace.txt
32,4,2048,0.0962,2,524288,0.2683,0,0,,0,,gcc.trace.txt
32,4,16,,1,512,,0,1,,,,gcc.trace.txt
16,8,16,,8,256,,0,2,,,,gcc.trace.txt
16,1,2048,0.1506,8,524288,0.313,0,0,,0,,gcc.trace.txt
32,2,16,,2,0,,0,1,,,,gcc.trace.txt
16,4,32,,4,512,,0,0,,,,gcc.trace.txt
16,2,64,,8,0,,2,2,,,,gcc.trace.txt
32,2,32,,2,0,,0,2,,,,gcc.trace.txt
16,1,16,0.6836,4,128,0.5117,0,2,,0,,gcc.trace.txt
16,2,16,,1,256,,0,1,,,,gcc.trace.txt
16,4,32,,1,128,,1,2,,,,gcc.trace.txt
16,1,32,,8,0,,1,0,,,,gcc.trace.txt
16,2,8,,1,0,,1,2,,,,gcc.trace.txt
32,4,32768,0.0264,0,0,0.0,0,0,/Users/kaylaradu/GitHubRepos/GitNCSU/ECE492-MicroArch/traces/gcc_trace.txt,0,graph1_size_assoc,gcc.trace.txt
16,1,16,0.6836,1,512,0.359,1,0,,0,,gcc.trace.txt
32,1,16,,4,0,,1,1,,,,gcc.trace.txt
32,1,32,0.6165,4,512,0.3262,1,1,,0,,gcc.trace.txt
16,8,64,,2,256,,1,2,,,,gcc.trace.txt
16,4,8,,8,256,,2,2,,,,gcc.trace.txt
32,2,32,,4,256,,0,0,,,,gcc.trace.txt
32,1,32,,4,0,,1,2,,,,gcc.trace.txt
16,2,64,0.4721,8,128,0.7315,2,0,,0,,gcc.trace.txt
16,1,16,0.6836,8,256,0.3769,1,1,,0,,gcc.trace.txt
16,1,64,,1,0,,1,0,,,,gcc.trace.txt
32,8,32,,1,128,,1,0,,,,gcc.trace.txt
16,2,16,,8,512,,0,0,,,,gcc.trace.txt
64,1,2048,0.1612,4,262144,0.0901,0,0,,0,,gcc.trace.txt
32,1,8192,0.067,0,0,0.0,0,0,,0,,gcc.trace.txt
16,8,16,,4,128,,1,1,,,,gcc.trace.txt
32,4,8,,4,128,,2,2,,,,gcc.trace.txt
16,1,8192,0.0839,4,262144,0.5614,0,0,,0,,gcc.trace.txt
32,4,8192,0.0425,4,131072,0.608,0,0,,0,,gcc.trace.txt
32,4,16,,8,256,,0,0,,,,gcc.trace.txt
16,1,64,0.4967,4,512,0.3986,2,2,,0,,gcc.trace.txt
32,8,32,,2,256,,2,1,,,,gcc.trace.txt
16,2,64,0.4721,2,512,0.4481,1,0,,0,,gcc.trace.txt
16,2,32,,1,0,,2,2,,,,gcc.trace.txt
16,1,8,,8,0,,2,0,,,,gcc.trace.txt
16,1,64,0.4967,2,256,0.5695,0,1,,0,,gcc.trace.txt
16,2,16,,1,0,,2,1,,,,gcc.trace.txt
32,8,32,,4,512,,0,2,,,,gcc.trace.txt
32,2,4096,0.0753,0,0,0.0,0,0,/Users/kaylaradu/GitHubRepos/GitNCSU/ECE492-MicroArch/traces/gcc_trace.txt,0,graph1_size_assoc,gcc.trace.txt
32,2,8,,2,128,,0,1,,,,gcc.trace.txt
16,4,16,,8,256,,0,0,,,,gcc.trace.txt
32,1,64,0.5338,4,512,0.3768,2,2,,0,,gcc.trace.txt
16,8,32,,2,256,,2,1,,,,gcc.trace.txt
32,1,8,,2,0,,2,1,,,,gcc.trace.txt
32,1,64,0.5338,2,256,0.5719,0,1,,0,,gcc.trace.txt
16,4,64,0.4645,1,128,0.78,2,1,,0,,gcc.trace.txt
16,8,32,,4,512,,0,2,,,,gcc.trace.txt
16,1,8,,4,128,,2,0,,,,gcc.trace.txt
32,1,16,,8,256,,1,1,,,,gcc.trace.txt
32,1,8,,1,512,,2,1,,,,gcc.trace.txt
16,8,32,,1,128,,1,0,,,,gcc.trace.txt
32,2,16,,8,512,,0,0,,,,gcc.trace.txt
64,1,1024,0.2149,4,524288,0.0676,0,0,,0,,gcc.trace.txt
16,1,8192,0.0839,0,0,0.0,0,0,,0,,gcc.trace.txt
32,8,16,,4,128,,1,1,,,,gcc.trace.txt
16,8,8,,8,256,,2,0,,,,gcc.trace.txt
16,2,8,,2,128,,1,2,,,,gcc.trace.txt
16,4,64,0.4645,2,256,0.6009,1,0,,0,,gcc.trace.txt
16,4,8,,1,0,,0,0,,,,gcc.trace.txt
32,1,8,,8,256,,2,0,,,,gcc.trace.txt
32,4,32,,1,128,,1,2,,,,gcc.trace.txt
32,2,16,,1,256,,0,1,,,,gcc.trace.txt
16,8,32,,4,0,,0,0,,,,gcc.trace.txt
32,1,32768,0.0377,2,524288,0.6852,0,0,,0,,gcc.trace.txt
32,1,16,,1,512,,1,0,,,,gcc.trace.txt
32,8,8,,4,128,,2,0,,,,gcc.trace.txt
32,8,32,,8,0,,0,2,,,,gcc.trace.txt
16,1,32,0.5884,4,512,0.3365,1,1,,0,,gcc.trace.txt
16,2,32,0.5666,4,256,0.4635,0,0,,0,,gcc.trace.txt
16,8,8,,1,512,,2,1,,,,gcc.trace.txt
16,8,64,,2,0,,2,2,,,,gcc.trace.txt
32,8,16,,8,0,,0,1,,,,gcc.trace.txt
32,2,64,,8,128,,2,0,,,,gcc.trace.txt
16,1,1024,0.1922,2,131072,0.2455,0,0,,0,,gcc.trace.txt
32,1,8192,0.067,0,0,0.0,0,0,/Users/kaylaradu/GitHubRepos/GitNCSU/ECE492-MicroArch/traces/gcc_trace.txt,0,graph1_size_assoc,gcc.trace.txt
32,4,1024,0.1427,2,262144,0.1811,0,0,,0,,gcc.trace.txt
32,8,16,,8,256,,0,2,,,,gcc.trace.txt
16,4,16,,1,512,,0,1,,,,gcc.trace.txt
32,4,32,,2,0,,1,0,,,,gcc.trace.txt
32,4,1024,0.1427,8,131072,0.1809,0,0,,0,,gcc.trace.txt
16,1,1024,0.1922,8,262144,0.2452,0,0,,0,,gcc.trace.txt
32,4,32,,4,512,,0,0,,,,gcc.trace.txt
16,2,8,,8,512,,2,2,,,,gcc.trace.txt
32,1,16,,4,128,,0,2,,,,gcc.trace.txt
16,4,64,0.4645,8,256,0.5548,1,0,,0,,gcc.trace.txt
16,8,32,,1,0,,2,2,,,,gcc.trace.txt
16,2,8,,8,128,,1,2,,,,gcc.trace.txt
16,4,8,,4,0,,2,2,,,,gcc.trace.txt
16,8,16,,1,0,,2,1,,,,gcc.trace.txt
16,8,8,,2,256,,2,0,,,,gcc.trace.txt
32,8,8,,1,128,,0,2,,,,gcc.trace.txt
32,2,16,,2,512,,0,0,,,,gcc.trace.txt
16,2,32,0.5666,1,256,0.5278,2,2,,0,,gcc.trace.txt
32,1,16,,2,256,,1,1,,,,gcc.trace.txt
16,1,32,0.5884,4,128,0.5946,2,1,,0,,gcc.trace.txt
32,8,8,,4,512,,1,0,,,,gcc.trace.txt
32,1,8,,8,0,,2,1,,,,gcc.trace.txt
32,1,64,0.5338,8,256,0.529,0,1,,0,,gcc.trace.txt
16,8,8,,1,128,,1,1,,,,gcc.trace.txt
16,8,32,,8,256,,2,1,,,,gcc.trace.txt
32,4,32,,1,512,,2,2,,,,gcc.trace.txt
32,1,16,,1,128,,2,0,,,,gcc.trace.txt
32,2,8,,8,128,,0,1,,,,gcc.trace.txt
16,4,16,,2,256,,0,0,,,,gcc.trace.txt
32,4,1024,0.1427,8,16384,0.1941,0,0,/Users/kaylaradu/GitHubRepos/GitNCSU/ECE492-MicroArch/traces/gcc_trace.txt,0,graph5_l2size,gcc.trace.txt
32,8,16,,4,512,,2,1,,,,gcc.trace.txt
32,2,64,0.5039,1,256,0.6437,1,1,,0,,gcc.trace.txt
16,1,1024,0.1922,2,262144,0.2453,0,0,,0,,gcc.trace.txt
16,2,8,,2,512,,2,2,,,,gcc.trace.txt
32,4,32,,8,0,,1,0,,,,gcc.trace.txt
32,1,64,0.5338,1,512,0.4971,0,0,,0,,gcc.trace.txt
32,4,1024,0.1427,2,131072,0.1815,0,0,,0,,gcc.trace.txt
16,1,8,,4,512,,1,0,,,,gcc.trace.txt
32,8,16,,2,256,,0,2,,,,gcc.trace.txt
16,4,16,,4,0,,1,1,,,,gcc.trace.txt
16,2,8,,4,256,,0,1,,,,gcc.trace.txt
16,8,32,,1,512,,2,0,,,,gcc.trace.txt
32,4,1024,0.1427,8,262144,0.1809,0,0,,0,,gcc.trace.txt
16,4,32,,4,0,,1,2,,,,gcc.trace.txt
32,1,8,,1,128,,1,1,,,,gcc.trace.txt
16,8,8,,1,0,,1,2,,,,gcc.trace.txt
16,1,1024,0.1922,8,131072,0.2452,0,0,,0,,gcc.trace.txt
32,8,16,,2,0,,0,1,,,,gcc.trace.txt
16,8,64,,8,0,,2,2,,,,gcc.trace.txt
32,2,64,0.5039,2,128,0.8165,2,0,,0,,gcc.trace.txt
16,1,8,,1,128,,0,2,,,,gcc.trace.txt
32,2,8,,4,256,,1,2,,,,gcc.trace.txt
16,4,64,0.4645,1,512,0.5158,1,1,,0,,gcc.trace.txt
32,8,32,,2,0,,0,2,,,,gcc.trace.txt
32,1,64,0.5338,4,128,0.7476,1,2,,0,,gcc.trace.txt
32,1,32768,0.0377,8,524288,0.6852,0,0,,0,,gcc.trace.txt
32,1,8,,2,256,,2,0,,,,gcc.trace.txt
16,2,64,0.4721,2,128,0.7765,2,0,,0,,gcc.trace.txt
16,4,8,,2,256,,2,2,,,,gcc.trace.txt
16,8,64,,8,256,,1,2,,,,gcc.trace.txt
32,4,8,,1,0,,0,1,,,,gcc.trace.txt
16,4,16384,0.0482,0,0,0.0,0,0,,0,,gcc.trace.txt
16,4,8,,4,512,,0,1,,,,gcc.trace.txt
16,1,32,,2,0,,1,0,,,,gcc.trace.txt
16,1,64,0.4967,4,128,0.7038,1,2,,0,,gcc.trace.txt
32,4,8,,1,128,,0,0,,,,gcc.trace.txt
16,8,16,,4,512,,2,1,,,,gcc.trace.txt
16,2,64,0.4721,1,256,0.6241,1,1,,0,,gcc.trace.txt
32,2,32,,8,0,,0,2,,,,gcc.trace.txt
16,1,2048,0.1506,2,524288,0.313,0,0,,0,,gcc.trace.txt
16,2,64,,2,0,,2,2,,,,gcc.trace.txt
32,4,8,,4,512,,1,2,,,,gcc.trace.txt
32,2,4096,0.0753,4,131072,0.343,0,0,,0,,gcc.trace.txt
32,2,16,,8,0,,0,1,,,,gcc.trace.txt
16,1,64,0.4967,1,512,0.4942,0,0,,0,,gcc.trace.txt
16,2,32,,4,0,,0,0,,,,gcc.trace.txt
16,8,16,,2,256,,0,2,,,,gcc.trace.txt
32,4,2048,0.0962,8,524288,0.2683,0,0,,0,,gcc.trace.txt
32,8,32,,1,512,,2,0,,,,gcc.trace.txt
64,1,8192,0.0658,2,524288,0.2206,0,0,,0,,gcc.trace.txt
32,1,32,0.6165,4,128,0.6518,2,1,,0,,gcc.trace.txt
16,1,64,0.4967,8,256,0.5219,0,1,,0,,gcc.trace.txt
32,2,64,,1,0,,0,2,,,,gcc.trace.txt
16,1,8,,2,0,,2,0,,,,gcc.trace.txt
16,2,64,0.4721,8,512,0.4116,1,0,,0,,gcc.trace.txt
16,4,32,,1,512,,2,2,,,,gcc.trace.txt
32,8,32,,8,256,,2,1,,,,gcc.trace.txt
16,8,64,,4,128,,0,1,,,,gcc.trace.txt
16,1,16,0.6836,1,128,0.5884,2,0,,0,,gcc.trace.txt
32,4,16,,2,256,,0,0,,,,gcc.trace.txt
64,1,2048,0.1612,4,131072,0.0901,0,0,,0,,gcc.trace.txt
16,1,8192,0.0839,4,131072,0.5614,0,0,,0,,gcc.trace.txt
32,4,8192,0.0425,4,262144,0.608,0,0,,0,,gcc.trace.txt
16,8,32768,0.0475,4,524288,0.993,0,0,,0,,gcc.trace.txt
16,2,16,,2,512,,0,0,,,,gcc.trace.txt
32,2,32,,1,256,,2,2,,,,gcc.trace.txt
16,1,16,0.6836,2,256,0.4138,1,1,,0,,gcc.trace.txt
32,1,8,,8,256,,1,1,,,,gcc.trace.txt
16,2,32,0.5666,2,512,0.3743,1,2,,0,,gcc.trace.txt
32,2,8,,8,512,,0,0,,,,gcc.trace.txt
32,1,16,,1,512,,2,1,,,,gcc.trace.txt
32,8,8,,4,128,,1,1,,,,gcc.trace.txt
16,1,32,0.5884,4,512,0.3365,2,0,,0,,gcc.trace.txt
32,2,64,,8,128,,1,1,,,,gcc.trace.txt
16,8,8,,1,512,,1,0,,,,gcc.trace.txt
16,4,16,,4,128,,2,2,,,,gcc.trace.txt
128,4,4096,0.083,0,0,0.0,0,0,/Users/kaylaradu/GitHubRepos/GitNCSU/ECE492-MicroArch/traces/gcc_trace.txt,0,graph4_blocksize,gcc.trace.txt
32,2,16,,2,128,,0,1,,,,gcc.trace.txt
32,4,32,,2,256,,1,2,,,,gcc.trace.txt
16,8,8,,4,128,,0,2,,,,gcc.trace.txt
32,4,4096,0.0599,8,524288,0.4309,0,0,,0,,gcc.trace.txt
32,4,32,,2,0,,2,1,,,,gcc.trace.txt
16,4,64,,8,0,,0,1,,,,gcc.trace.txt
16,1,8,,8,256,,0,2,,,,gcc.trace.txt
32,4,16,,2,0,,2,2,,,,gcc.trace.txt
16,1,4096,0.1102,2,524288,0.4275,0,0,,0,,gcc.trace.txt
32,2,2048,0.1071,4,131072,0.241,0,0,,0,,gcc.trace.txt
16,2,32,0.5666,8,128,0.6102,2,2,,0,,gcc.trace.txt
16,8,32,,2,256,,1,0,,,,gcc.trace.txt
32,8,8,,8,256,,0,2,,,,gcc.trace.txt
16,4,16,,1,0,,0,2,,,,gcc.trace.txt
16,4,32,,1,0,,0,1,,,,gcc.trace.txt
32,1,8,,4,128,,0,2,,,,gcc.trace.txt
16,2,8,,1,256,,1,2,,,,gcc.trace.txt
16,8,8,,4,0,,0,1,,,,gcc.trace.txt
32,1,8,,2,0,,1,0,,,,gcc.trace.txt
16,4,64,0.4645,1,128,0.78,1,0,,0,,gcc.trace.txt
32,4,2048,0.0962,8,16384,0.2879,0,0,/Users/kaylaradu/GitHubRepos/GitNCSU/ECE492-MicroArch/traces/gcc_trace.txt,0,graph5_l2size,gcc.trace.txt
32,2,8192,0.0473,2,524288,0.5454,0,0,,0,,gcc.trace.txt
32,2,8,,1,256,,0,1,,,,gcc.trace.txt
32,1,16,,8,256,,2,0,,,,gcc.trace.txt
16,1,8,,4,128,,1,1,,,,gcc.trace.txt
16,4,64,0.4645,4,512,0.4263,0,2,,0,,gcc.trace.txt
32,1,8,,1,512,,1,0,,,,gcc.trace.txt
16,8,32,,1,128,,2,1,,,,gcc.trace.txt
64,1,4096,0.1021,4,131072,0.1422,0,0,,0,,gcc.trace.txt
16,8,16384,0.0477,2,524288,0.9878,0,0,,0,,gcc.trace.txt
16,8,8,,8,256,,1,1,,,,gcc.trace.txt
32,8,16,,4,128,,2,0,,,,gcc.trace.txt
16,4,64,0.4645,2,256,0.6009,2,1,,0,,gcc.trace.txt
32,2,8,,4,0,,0,0,,,,gcc.trace.txt
32,1,64,0.5338,1,128,0.8116,0,1,,0,,gcc.trace.txt
16,1,16,0.6836,8,256,0.3769,2,0,,0,,gcc.trace.txt
32,8,32,,1,128,,2,1,,,,gcc.trace.txt
16,1,64,,1,0,,2,1,,,,gcc.trace.txt
32,4,8,,4,0,,1,2,,,,gcc.trace.txt
16,4,8,,1,512,,1,2,,,,gcc.trace.txt
16,8,16,,4,128,,2,0,,,,gcc.trace.txt
16,1,64,0.4967,1,128,0.8099,0,1,,0,,gcc.trace.txt
16,4,8,,4,128,,0,0,,,,gcc.trace.txt
32,2,32,,8,128,,2,2,,,,gcc.trace.txt
16,2,64,0.4721,4,256,0.5566,0,2,,0,,gcc.trace.txt
32,4,8,,1,512,,0,1,,,,gcc.trace.txt
32,8,32,,2,256,,1,0,,,,gcc.trace.txt
16,1,8,,8,0,,1,1,,,,gcc.trace.txt
16,2,64,0.4721,2,512,0.4481,2,1,,0,,gcc.trace.txt
64,4,4096,0.0619,0,0,0.0,0,0,,0,,gcc.trace.txt
16,2,16,,1,0,,1,0,,,,gcc.trace.txt
16,4,32,,2,256,,1,2,,,,gcc.trace.txt
32,4,8,,8,256,,0,0,,,,gcc.trace.txt
16,2,16,,2,128,,0,1,,,,gcc.trace.txt
32,2,64,,4,0,,1,1,,,,gcc.trace.txt
32,8,8,,1,0,,2,2,,,,gcc.trace.txt
16,8,64,,1,128,,1,2,,,,gcc.trace.txt
16,1,16,,8,0,,2,2,,,,gcc.trace.txt
32,1,64,,2,0,,0,1,,,,gcc.trace.txt
16,8,64,,4,512,,0,0,,,,gcc.trace.txt
32,2,32,,2,512,,1,2,,,,gcc.trace.txt
16,1,32,,8,0,,2,1,,,,gcc.trace.txt
16,1,16,0.6836,1,512,0.359,2,1,,0,,gcc.trace.txt
32,1,16,,4,0,,2,0,,,,gcc.trace.txt
32,8,65536,0.0259,0,0,0.0,0,0,/Users/kaylaradu/GitHubRepos/GitNCSU/ECE492-MicroArch/traces/gcc_trace.txt,0,graph1_size_assoc,gcc.trace.txt
32,1,32,0.6165,4,512,0.3262,2,0,,0,,gcc.trace.txt
16,2,64,0.4721,8,128,0.7315,1,1,,0,,gcc.trace.txt
32,4,16,,4,128,,2,2,,,,gcc.trace.txt
32,2,32,,4,256,,2,1,,,,gcc.trace.txt
32,4,16384,0.0283,4,131072,0.9117,0,0,,0,,gcc.trace.txt
16,2,64,0.4721,8,128,0.7315,0,1,,0,,gcc.trace.txt
16,2,16,,1,256,,2,0,,,,gcc.trace.txt
16,8,64,,4,512,,1,0,,,,gcc.trace.txt
32,1,64,,2,0,,1,1,,,,gcc.trace.txt
32,2,32,,2,512,,0,2,,,,gcc.trace.txt
16,8,64,,1,128,,0,2,,,,gcc.trace.txt
32,2,16,,2,0,,2,0,,,,gcc.trace.txt
16,4,32,,4,512,,2,1,,,,gcc.trace.txt
32,2,64,,4,0,,0,1,,,,gcc.trace.txt
32,1,32,0.6165,1,128,0.7027,2,2,,0,,gcc.trace.txt
16,2,16,,2,128,,1,1,,,,gcc.trace.txt
16,4,32,,2,256,,0,2,,,,gcc.trace.txt
32,4,8,,8,256,,1,0,,,,gcc.trace.txt
32,4,16,,1,512,,2,0,,,,gcc.trace.txt
16,2,1024,0.16,4,262144,0.2945,0,0,,0,,gcc.trace.txt
16,1,8,,8,0,,0,1,,,,gcc.trace.txt
16,2,16,,1,0,,0,0,,,,gcc.trace.txt
16,1,64,0.4967,2,256,0.5695,2,0,,0,,gcc.trace.txt
16,2,64,0.4721,4,256,0.5566,1,2,,0,,gcc.trace.txt
64,8,16384,0.0196,4,524288,0.7416,0,0,,0,,gcc.trace.txt
16,8,16,,1,512,,2,2,,,,gcc.trace.txt
32,4,16,,8,256,,2,1,,,,gcc.trace.txt
16,4,8,,4,128,,1,0,,,,gcc.trace.txt
128,4,1024,0.2036,0,0,0.0,0,0,/Users/kaylaradu/GitHubRepos/GitNCSU/ECE492-MicroArch/traces/gcc_trace.txt,0,graph4_blocksize,gcc.trace.txt
32,8,32,,2,256,,0,0,,,,gcc.trace.txt
32,4,8,,1,512,,1,1,,,,gcc.trace.txt
16,4,8,,1,512,,0,2,,,,gcc.trace.txt
64,2,1024,0.1714,8,524288,0.0847,0,0,,0,,gcc.trace.txt
32,4,8,,4,0,,0,2,,,,gcc.trace.txt
16,1,64,0.4967,1,128,0.8099,1,1,,0,,gcc.trace.txt
32,4,131072,0.0258,0,0,0.0,0,0,/Users/kaylaradu/GitHubRepos/GitNCSU/ECE492-MicroArch/traces/gcc_trace.txt,0,graph1_size_assoc,gcc.trace.txt
16,2,16,,8,512,,2,1,,,,gcc.trace.txt
16,8,8,,8,256,,0,1,,,,gcc.trace.txt
64,2,2048,0.1158,8,262144,0.1253,0,0,,0,,gcc.trace.txt
16,2,8192,0.0638,2,131072,0.7402,0,0,,0,,gcc.trace.txt
32,1,64,0.5338,1,128,0.8116,1,1,,0,,gcc.trace.txt
32,2,8,,4,0,,1,0,,,,gcc.trace.txt
16,1,8,,4,128,,0,1,,,,gcc.trace.txt
16,2,8192,0.0638,8,262144,0.7391,0,0,,0,,gcc.trace.txt
32,2,8,,1,256,,1,1,,,,gcc.trace.txt
64,2,2048,0.1158,2,131072,0.126,0,0,,0,,gcc.trace.txt
32,2,16,,8,512,,2,1,,,,gcc.trace.txt
32,1,8,,1,512,,0,0,,,,gcc.trace.txt
16,4,64,0.4645,4,512,0.4263,1,2,,0,,gcc.trace.txt
16,4,16,,1,0,,1,2,,,,gcc.trace.txt
16,4,64,0.4645,1,128,0.78,0,0,,0,,gcc.trace.txt
32,1,64,0.5338,2,256,0.5719,2,0,,0,,gcc.trace.txt
32,1,8,,2,0,,0,0,,,,gcc.trace.txt
16,8,8,,4,0,,1,1,,,,gcc.trace.txt
16,2,8,,1,256,,0,2,,,,gcc.trace.txt
32,1,8,,4,128,,1,2,,,,gcc.trace.txt
16,4,32,,1,0,,1,1,,,,gcc.trace.txt
16,4,16,,8,256,,2,1,,,,gcc.trace.txt
32,2,8,,2,128,,2,0,,,,gcc.trace.txt
32,8,16,,1,512,,2,2,,,,gcc.trace.txt
64,4,2048,0.1033,0,0,0.0,0,0,,0,,gcc.trace.txt
16,8,32,,2,256,,0,0,,,,gcc.trace.txt
32,8,8,,8,256,,1,2,,,,gcc.trace.txt
32,4,32,,4,512,,2,1,,,,gcc.trace.txt
64,2,8192,0.0455,4,524288,0.3191,0,0,,0,,gcc.trace.txt
32,1,4096,0.1002,8,262144,0.2578,0,0,,0,,gcc.trace.txt
16,1,8,,8,256,,1,2,,,,gcc.trace.txt
16,4,64,,8,0,,1,1,,,,gcc.trace.txt
16,4,4096,0.0755,8,131072,0.6239,0,0,,0,,gcc.trace.txt
16,1,32,0.5884,1,128,0.6837,2,2,,0,,gcc.trace.txt
32,4,32,,2,256,,0,2,,,,gcc.trace.txt
32,2,16,,2,128,,1,1,,,,gcc.trace.txt
16,4,4096,0.0755,2,262144,0.6242,0,0,,0,,gcc.trace.txt
16,4,16,,1,512,,2,0,,,,gcc.trace.txt
16,8,8,,4,128,,1,2,,,,gcc.trace.txt
16,2,2048,0.1183,4,524288,0.3985,0,0,,0,,gcc.trace.txt
32,1,4096,0.1002,2,131072,0.2586,0,0,,0,,gcc.trace.txt
32,8,8,,4,128,,0,1,,,,gcc.trace.txt
16,2,32,0.5666,4,256,0.4635,2,1,,0,,gcc.trace.txt
16,8,8,,1,512,,0,0,,,,gcc.trace.txt
32,2,64,,8,128,,0,1,,,,gcc.trace.txt
32,8,16,,8,0,,2,0,,,,gcc.trace.txt
32,2,16,,1,256,,2,0,,,,gcc.trace.txt
16,4,8,,1,0,,2,1,,,,gcc.trace.txt
32,1,8,,8,256,,0,1,,,,gcc.trace.txt
16,8,32,,4,0,,2,1,,,,gcc.trace.txt
16,8,16,,4,0,,2,2,,,,gcc.trace.txt
16,2,32,0.5666,2,512,0.3743,0,2,,0,,gcc.trace.txt
32,2,8,,8,512,,1,0,,,,gcc.trace.txt
16,2,16,,2,512,,1,0,,,,gcc.trace.txt
64,2,4096,0.0784,2,131072,0.1862,0,0,,0,,gcc.trace.txt
16,1,16,0.6836,2,256,0.4138,0,1,,0,,gcc.trace.txt
32,4,16,,1,128,,2,1,,,,gcc.trace.txt
32,1,32,,1,0,,2,0,,,,gcc.trace.txt
64,2,4096,0.0784,8,262144,0.1852,0,0,,0,,gcc.trace.txt
32,1,8192,0.067,4,524288,0.3854,0,0,,0,,gcc.trace.txt
16,4,32,,4,128,,2,0,,,,gcc.trace.txt
16,2,8,,4,0,,2,0,,,,gcc.trace.txt
16,1,16,0.6836,4,512,0.2896,2,2,,0,,gcc.trace.txt
16,8,64,,4,128,,1,1,,,,gcc.trace.txt
32,4,16,,2,256,,1,0,,,,gcc.trace.txt
32,2,64,,1,0,,1,2,,,,gcc.trace.txt
16,1,64,0.4967,8,256,0.5219,1,1,,0,,gcc.trace.txt
16,2,64,0.4721,8,512,0.4116,0,0,,0,,gcc.trace.txt
32,8,8,,4,0,,2,1,,,,gcc.trace.txt
16,8,16,,2,256,,1,2,,,,gcc.trace.txt
16,2,32,,4,0,,1,0,,,,gcc.trace.txt
16,2,4096,0.0875,4,524288,0.5386,0,0,,0,,gcc.trace.txt
32,1,2048,0.1477,2,131072,0.1753,0,0,,0,,gcc.trace.txt
16,4,2048,0.1062,2,262144,0.4439,0,0,,0,,gcc.trace.txt
16,2,16,,8,128,,2,0,,,,gcc.trace.txt
32,4,8,,2,256,,2,1,,,,gcc.trace.txt
64,4,8192,0.0386,8,131072,0.3763,0,0,,0,,gcc.trace.txt
16,2,64,0.4721,1,256,0.6241,0,1,,0,,gcc.trace.txt
32,2,32,,8,0,,1,2,,,,gcc.trace.txt
64,4,8192,0.0386,2,262144,0.3768,0,0,,0,,gcc.trace.txt
16,4,2048,0.1062,8,131072,0.4437,0,0,,0,,gcc.trace.txt
16,1,64,0.4967,1,512,0.4942,1,0,,0,,gcc.trace.txt
32,2,16,,8,0,,1,1,,,,gcc.trace.txt
32,4,8,,4,512,,0,2,,,,gcc.trace.txt
32,1,2048,0.1477,8,262144,0.1748,0,0,,0,,gcc.trace.txt
16,4,8,,4,512,,1,1,,,,gcc.trace.txt
16,1,32,,2,0,,0,0,,,,gcc.trace.txt
32,4,8,,1,0,,1,1,,,,gcc.trace.txt
32,4,8,,1,128,,1,0,,,,gcc.trace.txt
32,1,32,0.6165,8,256,0.4533,2,2,,0,,gcc.trace.txt
32,1,64,,8,0,,2,0,,,,gcc.trace.txt
16,1,64,0.4967,4,128,0.7038,0,2,,0,,gcc.trace.txt
64,4,8192,0.0386,0,0,0.0,0,0,/Users/kaylaradu/GitHubRepos/GitNCSU/ECE492-MicroArch/traces/gcc_trace.txt,0,graph4_blocksize,gcc.trace.txt
16,1,64,,4,0,,2,2,,,,gcc.trace.txt
32,8,32,,4,128,,2,2,,,,gcc.trace.txt
16,8,64,,8,256,,0,2,,,,gcc.trace.txt
32,2,8,,2,512,,2,1,,,,gcc.trace.txt
32,4,32768,0.0264,2,131072,0.9811,0,0,,0,,gcc.trace.txt
16,1,32,0.5884,8,256,0.438,2,2,,0,,gcc.trace.txt
32,2,16384,0.0338,8,524288,0.763,0,0,,0,,gcc.trace.txt
32,1,64,0.5338,4,128,0.7476,0,2,,0,,gcc.trace.txt
32,2,8,,4,256,,0,2,,,,gcc.trace.txt
16,1,8,,1,128,,1,2,,,,gcc.trace.txt
32,8,16,,2,0,,1,1,,,,gcc.trace.txt
32,8,32,,2,0,,1,2,,,,gcc.trace.txt
16,8,32,,4,128,,2,2,,,,gcc.trace.txt
16,4,64,0.4645,1,512,0.5158,0,1,,0,,gcc.trace.txt
32,4,32768,0.0264,8,262144,0.978,0,0,,0,,gcc.trace.txt
16,4,16,,4,0,,0,1,,,,gcc.trace.txt
32,8,16,,2,256,,1,2,,,,gcc.trace.txt
16,1,8,,4,512,,0,0,,,,gcc.trace.txt
16,8,8,,1,0,,0,2,,,,gcc.trace.txt
16,4,1024,0.1473,2,524288,0.3199,0,0,,0,,gcc.trace.txt
32,1,8,,1,128,,0,1,,,,gcc.trace.txt
16,4,32,,4,0,,0,2,,,,gcc.trace.txt
16,2,8,,4,256,,1,1,,,,gcc.trace.txt
32,2,16,,8,128,,2,0,,,,gcc.trace.txt
32,2,64,0.5039,1,256,0.6437,0,1,,0,,gcc.trace.txt
16,4,64,,2,0,,2,0,,,,gcc.trace.txt
32,1,64,0.5338,1,512,0.4971,1,0,,0,,gcc.trace.txt
32,4,32,,8,0,,0,0,,,,gcc.trace.txt
32,1,1024,0.1935,8,524288,0.1335,0,0,,0,,gcc.trace.txt
64,2,32768,0.0183,0,0,0.0,0,0,,0,,gcc.trace.txt
16,4,16,,2,256,,1,0,,,,gcc.trace.txt
32,2,8,,8,128,,1,1,,,,gcc.trace.txt
64,8,32768,0.015,2,524288,0.968,0,0,,0,,gcc.trace.txt
32,1,64,0.5338,8,256,0.529,1,1,,0,,gcc.trace.txt
32,8,8,,4,512,,0,0,,,,gcc.trace.txt
16,8,8,,1,128,,0,1,,,,gcc.trace.txt
32,8,8,,1,128,,1,2,,,,gcc.trace.txt
32,2,16,,2,512,,1,0,,,,gcc.trace.txt
64,4,1024,0.1584,4,131072,0.0917,0,0,,0,,gcc.trace.txt
32,1,16,,2,256,,0,1,,,,gcc.trace.txt
16,4,16,,1,128,,2,1,,,,gcc.trace.txt
32,4,32,,4,128,,2,0,,,,gcc.trace.txt
16,2,8,,8,128,,0,2,,,,gcc.trace.txt
16,4,64,0.4645,8,256,0.5548,0,0,,0,,gcc.trace.txt
32,1,16,,4,512,,2,2,,,,gcc.trace.txt
16,2,32,0.5666,1,256,0.5278,1,2,,0,,gcc.trace.txt
16,4,16,,1,128,,0,1,,,,gcc.trace.txt
32,1,16,,2,256,,2,1,,,,gcc.trace.txt
32,2,8192,0.0473,2,131072,0.5473,0,0,,0,,gcc.trace.txt
16,8,16384,0.0477,8,262144,0.9878,0,0,,0,,gcc.trace.txt
16,8,16,,1,0,,1,1,,,,gcc.trace.txt
32,1,16,,4,512,,0,2,,,,gcc.trace.txt
16,8,8,,2,256,,1,0,,,,gcc.trace.txt
16,4,64,0.4645,8,256,0.5548,2,0,,0,,gcc.trace.txt
16,8,16384,0.0477,2,131072,0.9895,0,0,,0,,gcc.trace.txt
16,8,32,,1,0,,1,2,,,,gcc.trace.txt
32,4,32,,4,128,,0,0,,,,gcc.trace.txt
16,2,8,,8,128,,2,2,,,,gcc.trace.txt
32,2,8192,0.0473,8,262144,0.5454,0,0,,0,,gcc.trace.txt
16,4,8,,4,0,,1,2,,,,gcc.trace.txt
64,1,4096,0.1021,4,524288,0.1422,0,0,,0,,gcc.trace.txt
32,1,16,,1,128,,1,0,,,,gcc.trace.txt
32,4,32,,1,512,,1,2,,,,gcc.trace.txt
16,8,32,,8,256,,1,1,,,,gcc.trace.txt
32,1,4096,0.1002,8,16384,0.2763,0,0,,0,,gcc.trace.txt
32,1,1024,1.0,0,0,0.0,0,0,/Users/kaylaradu/GitHubRepos/GitNCSU/ECE492-MicroArch/traces/stream_trace.txt,0,stream_prefetch_blk32,stream.trace.txt
16,8,8,,1,128,,2,1,,,,gcc.trace.txt
16,1,32,0.5884,4,128,0.5946,1,1,,0,,gcc.trace.txt
32,8,8,,4,512,,2,0,,,,gcc.trace.txt
32,1,8,,8,0,,1,1,,,,gcc.trace.txt
32,8,16384,0.0277,0,0,0.0,0,0,,0,,gcc.trace.txt
32,2,16,,8,128,,0,0,,,,gcc.trace.txt
16,8,32,,1,512,,1,0,,,,gcc.trace.txt
32,4,4096,0.0599,8,131072,0.4309,0,0,,0,,gcc.trace.txt
16,4,32,,4,0,,2,2,,,,gcc.trace.txt
32,1,8,,1,128,,2,1,,,,gcc.trace.txt
16,8,8,,1,0,,2,2,,,,gcc.trace.txt
16,1,4096,0.1102,8,262144,0.4275,0,0,,0,,gcc.trace.txt
16,1,8,,4,512,,2,0,,,,gcc.trace.txt
16,4,16,,4,0,,2,1,,,,gcc.trace.txt
16,1,4096,0.1102,2,131072,0.4281,0,0,,0,,gcc.trace.txt
32,2,2048,0.1071,4,524288,0.241,0,0,,0,,gcc.trace.txt
16,2,8,,2,512,,1,2,,,,gcc.trace.txt
32,4,32,,8,0,,2,0,,,,gcc.trace.txt
32,4,4096,0.0599,2,262144,0.4312,0,0,,0,,gcc.trace.txt
32,8,16,,4,512,,1,1,,,,gcc.trace.txt
16,4,64,,2,0,,0,0,,,,gcc.trace.txt
32,2,64,0.5039,1,256,0.6437,2,1,,0,,gcc.trace.txt
32,1,64,0.5338,4,128,0.7476,2,2,,0,,gcc.trace.txt
16,1,32,0.5884,8,256,0.438,0,2,,0,,gcc.trace.txt
32,1,8,,2,256,,1,0,,,,gcc.trace.txt
32,2,8,,2,512,,0,1,,,,gcc.trace.txt
16,4,64,0.4645,1,512,0.5158,2,1,,0,,gcc.trace.txt
16,8,32,,4,128,,0,2,,,,gcc.trace.txt
16,8,64,,8,0,,1,2,,,,gcc.trace.txt
32,2,64,0.5039,2,128,0.8165,1,0,,0,,gcc.trace.txt
32,2,8,,4,256,,2,2,,,,gcc.trace.txt
16,1,64,0.4967,4,128,0.7038,2,2,,0,,gcc.trace.txt
32,1,16384,0.0461,4,262144,0.5602,0,0,,0,,gcc.trace.txt
32,1,64,,8,0,,0,0,,,,gcc.trace.txt
32,1,32,0.6165,8,256,0.4533,0,2,,0,,gcc.trace.txt
32,1,2048,0.1477,8,16384,0.1878,0,0,/Users/kaylaradu/GitHubRepos/GitNCSU/ECE492-MicroArch/traces/gcc_trace.txt,0,graph3_l2,gcc.trace.txt
16,1,32,,2,0,,2,0,,,,gcc.trace.txt
16,8,64,,8,256,,2,2,,,,gcc.trace.txt
32,8,32,,4,128,,0,2,,,,gcc.trace.txt
16,1,64,,4,0,,0,2,,,,gcc.trace.txt
16,2,64,0.4721,2,128,0.7765,1,0,,0,,gcc.trace.txt
16,4,8,,2,256,,1,2,,,,gcc.trace.txt
16,2,16,,8,128,,0,0,,,,gcc.trace.txt
32,8,32,,1,512,,1,0,,,,gcc.trace.txt
32,4,8,,2,256,,0,1,,,,gcc.trace.txt
16,2,64,,2,0,,1,2,,,,gcc.trace.txt
32,4,8,,4,512,,2,2,,,,gcc.trace.txt
32,2,1024,0.156,4,262144,0.1655,0,0,,0,,gcc.trace.txt
16,8,16,,4,512,,1,1,,,,gcc.trace.txt
16,2,64,0.4721,1,256,0.6241,2,1,,0,,gcc.trace.txt
16,1,16,0.6836,1,128,0.5884,1,0,,0,,gcc.trace.txt
32,8,32,,8,256,,1,1,,,,gcc.trace.txt
16,4,32,,1,512,,1,2,,,,gcc.trace.txt
16,1,8,,2,0,,1,0,,,,gcc.trace.txt
32,8,8,,4,0,,0,1,,,,gcc.trace.txt
16,2,64,0.4721,8,512,0.4116,2,0,,0,,gcc.trace.txt
32,1,32,0.6165,4,128,0.6518,1,1,,0,,gcc.trace.txt
32,1,32,,1,0,,0,0,,,,gcc.trace.txt
32,4,16,,1,128,,0,1,,,,gcc.trace.txt
32,2,32,,1,256,,1,2,,,,gcc.trace.txt
16,1,16,0.6836,2,256,0.4138,2,1,,0,,gcc.trace.txt
16,1,16,0.6836,4,512,0.2896,0,2,,0,,gcc.trace.txt
16,2,8,,4,0,,0,0,,,,gcc.trace.txt
16,4,32,,4,128,,0,0,,,,gcc.trace.txt
32,1,32768,0.0377,2,262144,0.6858,0,0,,0,,gcc.trace.txt
32,8,16,,8,0,,0,0,,,,gcc.trace.txt
32,2,64,,8,128,,2,1,,,,gcc.trace.txt
16,4,16,,4,128,,1,2,,,,gcc.trace.txt
16,8,8,,1,512,,2,0,,,,gcc.trace.txt
16,2,32,0.5666,4,256,0.4635,0,1,,0,,gcc.trace.txt
32,8,8,,4,128,,2,1,,,,gcc.trace.txt
16,1,32,0.5884,4,512,0.3365,1,0,,0,,gcc.trace.txt
16,2,32,0.5666,2,512,0.3743,2,2,,0,,gcc.trace.txt
16,8,16,,4,0,,0,2,,,,gcc.trace.txt
32,1,32768,0.0377,8,131072,0.6852,0,0,,0,,gcc.trace.txt
32,1,16,,1,512,,1,1,,,,gcc.trace.txt
16,8,32,,4,0,,0,1,,,,gcc.trace.txt
32,1,8,,8,256,,2,1,,,,gcc.trace.txt
16,4,8,,1,0,,0,1,,,,gcc.trace.txt
32,2,16,,1,256,,0,0,,,,gcc.trace.txt
32,4,16,,2,0,,1,2,,,,gcc.trace.txt
32,4,1024,0.1427,2,524288,0.1809,0,0,,0,,gcc.trace.txt
32,4,32,,4,512,,0,1,,,,gcc.trace.txt
32,4,32,,2,0,,1,1,,,,gcc.trace.txt
16,4,16,,1,512,,0,0,,,,gcc.trace.txt
16,1,1024,0.1922,8,524288,0.2452,0,0,,0,,gcc.trace.txt
32,4,32,,2,256,,2,2,,,,gcc.trace.txt
16,1,32,0.5884,1,128,0.6837,0,2,,0,,gcc.trace.txt
16,2,8,,1,256,,2,2,,,,gcc.trace.txt
32,1,64,0.5338,2,256,0.5719,0,0,,0,,gcc.trace.txt
32,1,8,,2,0,,2,0,,,,gcc.trace.txt
16,4,64,0.4645,1,128,0.78,2,0,,0,,gcc.trace.txt
16,8,32,,2,256,,2,0,,,,gcc.trace.txt
16,4,16,,8,256,,0,1,,,,gcc.trace.txt
32,8,16,,1,512,,0,2,,,,gcc.trace.txt
16,2,32,0.5666,8,128,0.6102,1,2,,0,,gcc.trace.txt
32,2,8,,2,128,,0,0,,,,gcc.trace.txt
16,4,64,0.4645,2,256,0.6009,1,1,,0,,gcc.trace.txt
64,1,1024,0.2149,4,262144,0.0676,0,0,,0,,gcc.trace.txt
32,8,16,,4,128,,1,0,,,,gcc.trace.txt
16,8,8,,8,256,,2,1,,,,gcc.trace.txt
32,1,8,,1,512,,2,0,,,,gcc.trace.txt
32,2,16,,8,512,,0,1,,,,gcc.trace.txt
16,8,32,,1,128,,1,1,,,,gcc.trace.txt
16,1,8,,4,128,,2,1,,,,gcc.trace.txt
32,1,16,,8,256,,1,0,,,,gcc.trace.txt
32,4,8,,4,0,,2,2,,,,gcc.trace.txt
64,1,2048,0.1612,4,524288,0.0901,0,0,,0,,gcc.trace.txt
64,2,1024,0.1714,0,0,0.0,0,0,,0,,gcc.trace.txt
16,8,16,,4,128,,1,0,,,,gcc.trace.txt
16,4,8,,1,512,,2,2,,,,gcc.trace.txt
16,2,16,,8,512,,0,1,,,,gcc.trace.txt
32,8,32,,1,128,,1,1,,,,gcc.trace.txt
16,1,64,,1,0,,1,1,,,,gcc.trace.txt
16,8,32768,0.0475,4,131072,0.993,0,0,,0,,gcc.trace.txt
16,1,8192,0.0839,4,524288,0.5614,0,0,,0,,gcc.trace.txt
16,1,16,0.6836,8,256,0.3769,1,0,,0,,gcc.trace.txt
16,1,64,0.4967,2,256,0.5695,0,0,,0,,gcc.trace.txt
16,2,16,,1,0,,2,0,,,,gcc.trace.txt
16,1,8,,8,0,,2,1,,,,gcc.trace.txt
16,2,64,0.4721,2,512,0.4481,1,1,,0,,gcc.trace.txt
32,8,32,,2,256,,2,0,,,,gcc.trace.txt
16,8,16,,1,512,,0,2,,,,gcc.trace.txt
32,2,32,,8,128,,1,2,,,,gcc.trace.txt
32,4,16,,8,256,,0,1,,,,gcc.trace.txt
32,4,2048,0.0962,2,262144,0.2686,0,0,,0,,gcc.trace.txt
16,1,2048,0.1506,2,131072,0.3134,0,0,,0,,gcc.trace.txt
32,2,4096,0.0753,4,524288,0.343,0,0,,0,,gcc.trace.txt
64,1,8192,0.0658,8,262144,0.2206,0,0,,0,,gcc.trace.txt
16,4,32,,4,512,,0,1,,,,gcc.trace.txt
32,2,16,,2,0,,0,0,,,,gcc.trace.txt
16,8,64,,1,128,,2,2,,,,gcc.trace.txt
64,1,8192,0.0658,2,131072,0.2218,0,0,,0,,gcc.trace.txt
16,1,2048,0.1506,8,262144,0.313,0,0,,0,,gcc.trace.txt
32,4,16,,1,512,,0,0,,,,gcc.trace.txt
32,8,8,,1,0,,1,2,,,,gcc.trace.txt
32,1,1024,0.1935,8,16384,0.1434,0,0,/Users/kaylaradu/GitHubRepos/GitNCSU/ECE492-MicroArch/traces/gcc_trace.txt,0,graph3_l2,gcc.trace.txt
32,4,2048,0.0962,8,131072,0.2683,0,0,,0,,gcc.trace.txt
16,4,32,,2,256,,2,2,,,,gcc.trace.txt
32,1,32,0.6165,1,128,0.7027,0,2,,0,,gcc.trace.txt
32,2,64,,4,0,,2,1,,,,gcc.trace.txt
16,2,64,0.4721,8,128,0.7315,2,1,,0,,gcc.trace.txt
32,2,32,,4,256,,0,1,,,,gcc.trace.txt
32,4,16,,4,128,,1,2,,,,gcc.trace.txt
32,1,16,,4,0,,1,0,,,,gcc.trace.txt
32,1,32,0.6165,4,512,0.3262,1,0,,0,,gcc.trace.txt
16,1,32,,8,0,,1,1,,,,gcc.trace.txt
32,2,32,,2,512,,2,2,,,,gcc.trace.txt
16,1,16,0.6836,1,512,0.359,1,1,,0,,gcc.trace.txt
16,1,16,,8,0,,1,2,,,,gcc.trace.txt
16,2,16,,1,256,,0,0,,,,gcc.trace.txt
16,1,16,0.6836,1,512,0.359,0,1,,0,,gcc.trace.txt
16,1,32,,8,0,,0,1,,,,gcc.trace.txt
16,2,16,,1,256,,1,0,,,,gcc.trace.txt
16,8,64,,4,512,,2,0,,,,gcc.trace.txt
32,1,64,,2,0,,2,1,,,,gcc.trace.txt
16,1,16,,8,0,,0,2,,,,gcc.trace.txt
32,4,16,,4,128,,0,2,,,,gcc.trace.txt
32,2,32,,4,256,,1,1,,,,gcc.trace.txt
32,1,32,0.6165,4,512,0.3262,0,0,,0,,gcc.trace.txt
32,1,16,,4,0,,0,0,,,,gcc.trace.txt
64,4,8192,0.0386,8,524288,0.3763,0,0,,0,,gcc.trace.txt
32,4,16,,1,512,,1,0,,,,gcc.trace.txt
32,8,8,,1,0,,0,2,,,,gcc.trace.txt
16,2,4096,0.0875,4,131072,0.5386,0,0,,0,,gcc.trace.txt
32,1,2048,0.1477,2,524288,0.1748,0,0,,0,,gcc.trace.txt
32,1,32,0.6165,1,128,0.7027,1,2,,0,,gcc.trace.txt
32,4,8,,8,256,,2,0,,,,gcc.trace.txt
16,2,16,,2,128,,2,1,,,,gcc.trace.txt
16,4,2048,0.1062,8,524288,0.4437,0,0,,0,,gcc.trace.txt
32,2,16,,2,0,,1,0,,,,gcc.trace.txt
16,4,32,,4,512,,1,1,,,,gcc.trace.txt
32,4,8,,1,512,,2,1,,,,gcc.trace.txt
16,2,64,0.4721,4,256,0.5566,2,2,,0,,gcc.trace.txt
64,1,16384,0.0393,0,0,0.0,0,0,,0,,gcc.trace.txt
16,4,8,,4,128,,2,0,,,,gcc.trace.txt
32,4,16,,8,256,,1,1,,,,gcc.trace.txt
32,2,32,,8,128,,0,2,,,,gcc.trace.txt
16,8,16,,1,512,,1,2,,,,gcc.trace.txt
16,1,64,0.4967,2,256,0.5695,1,0,,0,,gcc.trace.txt
16,2,64,0.4721,2,512,0.4481,0,1,,0,,gcc.trace.txt
16,1,64,,1,0,,0,1,,,,gcc.trace.txt
32,8,32,,1,128,,0,1,,,,gcc.trace.txt
16,2,16,,8,512,,1,1,,,,gcc.trace.txt
16,1,16,0.6836,8,256,0.3769,0,0,,0,,gcc.trace.txt
64,2,4096,0.0784,2,524288,0.1852,0,0,,0,,gcc.trace.txt
64,4,2048,0.1033,4,262144,0.1406,0,0,,0,,gcc.trace.txt
16,1,64,0.4967,1,128,0.8099,2,1,,0,,gcc.trace.txt
16,8,16,,4,128,,0,0,,,,gcc.trace.txt
16,4,8192,0.0595,4,262144,0.7928,0,0,,0,,gcc.trace.txt
32,4,2048,0.0962,8,16384,0.2879,0,0,/Users/kaylaradu/GitHubRepos/GitNCSU/ECE492-MicroArch/traces/gcc_trace.txt,0,graph3_l2,gcc.trace.txt
32,1,8192,0.067,4,131072,0.3854,0,0,,0,,gcc.trace.txt
16,8,32,,1,128,,0,1,,,,gcc.trace.txt
32,2,16,,8,512,,1,1,,,,gcc.trace.txt
16,4,64,0.4645,4,512,0.4263,2,2,,0,,gcc.trace.txt
32,1,16,,8,256,,0,0,,,,gcc.trace.txt
32,2,8,,1,256,,2,1,,,,gcc.trace.txt
64,4,1024,0.1584,4,524288,0.0917,0,0,,0,,gcc.trace.txt
32,1,64,0.5338,1,128,0.8116,2,1,,0,,gcc.trace.txt
32,2,8,,4,0,,2,0,,,,gcc.trace.txt
16,4,64,0.4645,2,256,0.6009,0,1,,0,,gcc.trace.txt
32,8,16,,4,128,,0,0,,,,gcc.trace.txt
32,4,2048,0.0962,8,65536,0.2691,0,0,/Users/kaylaradu/GitHubRepos/GitNCSU/ECE492-MicroArch/traces/gcc_trace.txt,0,graph5_l2size,gcc.trace.txt
32,8,8,,8,256,,2,2,,,,gcc.trace.txt
64,8,32768,0.015,8,262144,0.968,0,0,,0,,gcc.trace.txt
16,2,32,0.5666,8,128,0.6102,0,2,,0,,gcc.trace.txt
32,8,16,,1,512,,1,2,,,,gcc.trace.txt
32,2,8,,2,128,,1,0,,,,gcc.trace.txt
16,4,16,,8,256,,1,1,,,,gcc.trace.txt
32,1,64,0.5338,2,256,0.5719,1,0,,0,,gcc.trace.txt
16,8,8,,4,0,,2,1,,,,gcc.trace.txt
32,1,8,,4,128,,2,2,,,,gcc.trace.txt
16,4,32,,1,0,,2,1,,,,gcc.trace.txt
16,4,16,,1,0,,2,2,,,,gcc.trace.txt
64,8,32768,0.015,2,131072,0.972,0,0,,0,,gcc.trace.txt
16,4,1024,0.1473,2,131072,0.3203,0,0,,0,,gcc.trace.txt
16,8,8,,4,128,,2,2,,,,gcc.trace.txt
16,4,16,,1,512,,1,0,,,,gcc.trace.txt
32,1,1024,0.1935,2,262144,0.1336,0,0,,0,,gcc.trace.txt
16,1,32,0.5884,1,128,0.6837,1,2,,0,,gcc.trace.txt
32,2,16,,2,128,,2,1,,,,gcc.trace.txt
32,1,1024,0.1935,8,131072,0.1335,0,0,,0,,gcc.trace.txt
16,1,8,,8,256,,2,2,,,,gcc.trace.txt
32,4,16,,2,0,,0,2,,,,gcc.trace.txt
16,4,64,,8,0,,2,1,,,,gcc.trace.txt
16,4,1024,0.1473,8,262144,0.3199,0,0,,0,,gcc.trace.txt
32,4,32,,2,0,,0,1,,,,gcc.trace.txt
32,4,32,,4,512,,1,1,,,,gcc.trace.txt
32,2,16384,0.0338,8,131072,0.763,0,0,,0,,gcc.trace.txt
32,1,16,,1,512,,0,1,,,,gcc.trace.txt
16,8,16,,4,0,,1,2,,,,gcc.trace.txt
32,2,8,,8,512,,2,0,,,,gcc.trace.txt
32,4,32768,0.0264,2,524288,0.978,0,0,,0,,gcc.trace.txt
32,2,16,,1,256,,1,0,,,,gcc.trace.txt
16,4,8,,1,0,,1,1,,,,gcc.trace.txt
16,8,32,,4,0,,1,1,,,,gcc.trace.txt
16,2,32,0.5666,4,256,0.4635,1,1,,0,,gcc.trace.txt
16,4,16,,4,128,,0,2,,,,gcc.trace.txt
32,8,16,,8,0,,1,0,,,,gcc.trace.txt
32,2,16384,0.0338,2,262144,0.7639,0,0,,0,,gcc.trace.txt
32,8,1048576,0.0258,0,0,0.0,0,0,/Users/kaylaradu/GitHubRepos/GitNCSU/ECE492-MicroArch/traces/gcc_trace.txt,0,graph1_size_assoc,gcc.trace.txt
16,1,32,0.5884,4,512,0.3365,0,0,,0,,gcc.trace.txt
16,2,8,,4,0,,1,0,,,,gcc.trace.txt
16,1,16,0.6836,4,512,0.2896,1,2,,0,,gcc.trace.txt
64,2,1024,0.1714,8,131072,0.0847,0,0,,0,,gcc.trace.txt
16,4,32,,4,128,,1,0,,,,gcc.trace.txt
32,2,32,,1,256,,0,2,,,,gcc.trace.txt
32,4,16,,1,128,,1,1,,,,gcc.trace.txt
32,1,32,,1,0,,1,0,,,,gcc.trace.txt
16,2,16,,2,512,,2,0,,,,gcc.trace.txt
64,2,1024,0.1714,2,262144,0.0848,0,0,,0,,gcc.trace.txt
32,2,1024,0.156,8,16384,0.1775,0,0,,0,,gcc.trace.txt
32,4,1024,0.1427,8,16384,0.1941,0,0,/Users/kaylaradu/GitHubRepos/GitNCSU/ECE492-MicroArch/traces/gcc_trace.txt,0,graph3_l2,gcc.trace.txt
32,8,8,,4,0,,1,1,,,,gcc.trace.txt
16,1,8,,2,0,,0,0,,,,gcc.trace.txt
32,2,64,,1,0,,2,2,,,,gcc.trace.txt
16,1,64,0.4967,8,256,0.5219,2,1,,0,,gcc.trace.txt
32,1,32,0.6165,4,128,0.6518,0,1,,0,,gcc.trace.txt
32,4,16,,2,256,,2,0,,,,gcc.trace.txt
16,1,16,0.6836,1,128,0.5884,0,0,,0,,gcc.trace.txt
16,8,64,,4,128,,2,1,,,,gcc.trace.txt
16,4,32,,1,512,,0,2,,,,gcc.trace.txt
64,8,16384,0.0196,4,131072,0.7416,0,0,,0,,gcc.trace.txt
32,8,32,,8,256,,0,1,,,,gcc.trace.txt
16,1,64,0.4967,1,512,0.4942,2,0,,0,,gcc.trace.txt
32,2,16,,8,0,,2,1,,,,gcc.trace.txt
16,2,64,,2,0,,0,2,,,,gcc.trace.txt
32,2,8192,0.0473,8,16384,0.5714,0,0,,0,,gcc.trace.txt
32,2,32,,8,0,,2,2,,,,gcc.trace.txt
16,8,16,,4,512,,0,1,,,,gcc.trace.txt
32,4,8,,2,256,,1,1,,,,gcc.trace.txt
32,8,32,,1,512,,0,0,,,,gcc.trace.txt
16,2,16,,8,128,,1,0,,,,gcc.trace.txt
16,8,16,,2,256,,2,2,,,,gcc.trace.txt
16,2,32,,4,0,,2,0,,,,gcc.trace.txt
16,1,64,,4,0,,1,2,,,,gcc.trace.txt
32,8,32,,4,128,,1,2,,,,gcc.trace.txt
16,4,2048,0.1062,0,0,0.0,0,0,/Users/kaylaradu/GitHubRepos/GitNCSU/ECE492-MicroArch/traces/gcc_trace.txt,0,graph4_blocksize,gcc.trace.txt
32,4,16384,0.0283,4,524288,0.9117,0,0,,0,,gcc.trace.txt
16,4,8,,2,256,,0,2,,,,gcc.trace.txt
16,2,64,0.4721,2,128,0.7765,0,0,,0,,gcc.trace.txt
32,4,8,,1,128,,2,0,,,,gcc.trace.txt
32,1,32,0.6165,8,256,0.4533,1,2,,0,,gcc.trace.txt
32,1,64,,8,0,,1,0,,,,gcc.trace.txt
32,2,32768,0.0288,4,262144,0.8962,0,0,,0,,gcc.trace.txt
16,4,8,,4,512,,2,1,,,,gcc.trace.txt
32,4,8,,1,0,,2,1,,,,gcc.trace.txt
32,8,32,,2,0,,2,2,,,,gcc.trace.txt
16,8,32,,4,128,,1,2,,,,gcc.trace.txt
16,1,8,,1,128,,2,2,,,,gcc.trace.txt
32,2,64,0.5039,2,128,0.8165,0,0,,0,,gcc.trace.txt
16,8,64,,8,0,,0,2,,,,gcc.trace.txt
32,8,16,,2,0,,2,1,,,,gcc.trace.txt
16,1,32,0.5884,8,256,0.438,1,2,,0,,gcc.trace.txt
32,1,8,,2,256,,0,0,,,,gcc.trace.txt
32,2,8,,2,512,,1,1,,,,gcc.trace.txt
32,1,64,0.5338,1,512,0.4971,2,0,,0,,gcc.trace.txt
16,4,4096,0.0755,8,524288,0.6239,0,0,,0,,gcc.trace.txt
64,2,8192,0.0455,4,131072,0.3191,0,0,,0,,gcc.trace.txt
16,2,8,,2,512,,0,2,,,,gcc.trace.txt
16,4,64,,2,0,,1,0,,,,gcc.trace.txt
32,8,16,,4,512,,0,1,,,,gcc.trace.txt
16,2,2048,0.1183,4,131072,0.3985,0,0,,0,,gcc.trace.txt
32,1,4096,0.1002,2,524288,0.2578,0,0,,0,,gcc.trace.txt
16,8,32,,1,512,,0,0,,,,gcc.trace.txt
32,2,16,,8,128,,1,0,,,,gcc.trace.txt
16,2,8,,4,256,,2,1,,,,gcc.trace.txt
32,8,16,,2,256,,2,2,,,,gcc.trace.txt
32,4,1024,0.1427,8,65536,0.1814,0,0,/Users/kaylaradu/GitHubRepos/GitNCSU/ECE492-MicroArch/traces/gcc_trace.txt,0,graph5_l2size,gcc.trace.txt
32,1,8,,8,0,,0,1,,,,gcc.trace.txt
32,1,64,0.5338,8,256,0.529,2,1,,0,,gcc.trace.txt
16,1,32,0.5884,4,128,0.5946,0,1,,0,,gcc.trace.txt
32,2,8,,8,128,,2,1,,,,gcc.trace.txt
64,2,8192,0.0455,0,0,0.0,0,0,,0,,gcc.trace.txt
16,4,16,,2,256,,2,0,,,,gcc.trace.txt
32,1,16,,1,128,,0,0,,,,gcc.trace.txt
32,2,16384,0.0338,0,0,0.0,0,0,/Users/kaylaradu/GitHubRepos/GitNCSU/ECE492-MicroArch/traces/gcc_trace.txt,0,graph1_size_assoc,gcc.trace.txt
16,8,32,,8,256,,0,1,,,,gcc.trace.txt
32,4,32,,1,512,,0,2,,,,gcc.trace.txt
16,8,8,,2,256,,0,0,,,,gcc.trace.txt
32,1,16,,4,512,,1,2,,,,gcc.trace.txt
16,8,16,,1,0,,0,1,,,,gcc.trace.txt
16,4,8,,4,0,,0,2,,,,gcc.trace.txt
32,4,32,,4,128,,1,0,,,,gcc.trace.txt
16,2,8192,0.0638,2,524288,0.7391,0,0,,0,,gcc.trace.txt
16,8,32,,1,0,,0,2,,,,gcc.trace.txt
16,4,16,,1,128,,1,1,,,,gcc.trace.txt
16,2,32,0.5666,1,256,0.5278,0,2,,0,,gcc.trace.txt
32,2,16,,2,512,,2,0,,,,gcc.trace.txt
32,8,8,,1,128,,2,2,,,,gcc.trace.txt
64,4,4096,0.0619,4,262144,0.2346,0,0,,0,,gcc.trace.txt
64,2,2048,0.1158,2,524288,0.1253,0,0,,0,,gcc.trace.txt
